symbol,observations,ar1_phi,ar1_t,rho_1,rho_2,rho_3,rho_4,rho_5,significance_bound,significant_lags,ljung_box_q,ljung_box_critical_5pct,predictable_at_5pct,weekly_rho_1,weekly_significance_bound
WELCORP,247,0.001,0.02,0.001,-0.039,-0.046,0.059,0.094,0.125,,4.06,11.07,False,0.155,0.277
RPEL,247,0.024,0.37,0.023,-0.119,0.132,0.077,0.05,0.125,3,10.2,11.07,False,0.243,0.277
SBCL,247,0.097,1.52,0.097,-0.169,0.023,0.143,0.061,0.125,"2, 4",15.7,11.07,True,0.127,0.277
AEROFLEX,247,0.041,0.64,0.041,-0.105,-0.084,-0.009,-0.045,0.125,,5.53,11.07,False,-0.038,0.277
TDPOWERSYS,247,-0.007,-0.11,-0.007,-0.08,0.061,0.044,-0.037,0.125,,3.4,11.07,False,0.009,0.277
RAMRAT,247,0.033,0.52,0.033,-0.006,-0.067,0.023,-0.026,0.125,,1.71,11.07,False,0.018,0.277
APARINDS,247,-0.05,-0.79,-0.05,0.034,0.075,0.025,0.072,0.125,,3.81,11.07,False,-0.065,0.277
ACMESOLAR,247,-0.01,-0.15,-0.01,-0.034,0.049,0.014,0.072,0.125,,2.26,11.07,False,0.027,0.277
PORTFOLIO,247,0.03,0.46,0.029,-0.054,0.07,0.145,0.113,0.125,4,10.73,11.07,False,0.333,0.277
