symbol,company_name,index,price_sessions,current_price,passed_technical_screen,technical_fail_reason,rs_score,adx,plus_di,minus_di,trend_direction,rsi,fundamentals_as_of,fundamentals_status,pledged_as_of,market_cap,pass_market_cap,roce,pass_roce,opm,pass_opm,operating_cash_flow,pass_operating_cash_flow,debt_to_equity,pass_debt_to_equity,pledged_pct,pass_pledged_pct,passed_fundamental_screen,failed_criteria,passes_both_screens
ABB,A B B,Screener: Heavy Electrical Equipment,247,6895.0,False,trend Bearish,3.72,27.5,12.26,28.19,Bearish (Downtrend),39.07,,,,,,,,,,,,,,,,,,False
ACE,Action Const.Eq.,Screener: Construction Vehicles,247,1227.5,True,,28.21,29.23,21.76,15.85,Bullish (Uptrend),60.63,2026-09-26,OK,Screener 2026-09-26,14606.74,True,31.63,True,15.5,True,417.25,True,0.0,True,0.0,True,True,,True
AEROFLEX,Aeroflex,Screener: Iron & Steel Products,247,544.35,True,,24.85,23.0,24.75,17.91,Bullish (Uptrend),57.11,2026-09-26,OK,Screener 2026-09-26,6956.63,True,18.92,True,23.41,True,65.84,True,0.02,True,0.0,True,True,,True
AIAENG,AIA Engineering,Screener: Castings & Forgings,247,3863.2,False,RS <= +2 pp; trend Bearish,-13.49,24.78,15.84,24.69,Bearish (Downtrend),35.97,,,,,,,,,,,,,,,,,,False
AJAXENGG,Ajax Engineering,Screener: Construction Vehicles,247,594.25,True,,16.97,20.06,18.4,12.16,Bullish (Uptrend),56.91,2026-09-26,OK,Screener 2026-09-26,6953.35,True,23.87,True,12.49,True,377.29,True,0.0,True,0.0,True,True,,True
APARINDS,Apar Inds.,Screener: Other Electrical Equipment,247,18102.0,True,,32.62,21.53,22.74,18.53,Bullish (Uptrend),55.95,2026-09-26,OK,Screener 2026-09-26,74432.27,True,31.81,True,8.9,True,967.58,True,0.18,True,0.0,True,True,,True
APLAPOLLO,APL Apollo Tubes,Screener: Iron & Steel Products,247,2099.8,False,trend Bearish,22.6,24.99,16.6,24.61,Bearish (Downtrend),43.14,,,,,,,,,,,,,,,,,,False
ASTRAL,Astral,Screener: Plastic Products - Industrial,247,1362.1,False,trend Bearish,4.3,27.95,11.16,34.06,Bearish (Downtrend),36.76,,,,,,,,,,,,,,,,,,False
ATLANTAELE,Atlanta Electric,Screener: Heavy Electrical Equipment,247,1882.9,True,,17.37,20.88,29.48,18.18,Bullish (Uptrend),63.17,2026-09-26,OK,Screener 2026-09-26,12502.62,True,45.28,True,18.61,True,184.33,True,0.05,True,0.0,True,True,,True
AZAD,Azad Engineering,Screener: Heavy Electrical Equipment,247,2927.2,True,,36.54,21.82,27.62,13.85,Bullish (Uptrend),59.43,2026-09-26,OK,Screener 2026-09-26,17617.9,True,11.92,True,37.66,True,-118.97,False,0.31,True,0.0,True,False,Cash from operations last year > 0 (Rs Cr),False
BHEL,B H E L,Screener: Heavy Electrical Equipment,247,429.0,True,,16.95,16.05,24.22,19.42,Bullish (Uptrend),54.41,2026-09-26,OK,Screener 2026-09-26,145881.04,True,9.14,True,9.4,True,5837.38,True,0.31,True,0.0,True,True,,True
BALUFORGE,Balu Forge,Screener: Castings & Forgings,247,502.8,False,trend Bearish,15.46,23.29,20.84,26.7,Bearish (Downtrend),45.29,,,,,,,,,,,,,,,,,,False
BANSALWIRE,Bansal Wire Inds,Screener: Iron & Steel Products,247,323.05,False,RS <= +2 pp; trend Bearish,-4.68,12.94,15.03,16.84,Bearish (Downtrend),54.96,,,,,,,,,,,,,,,,,,False
BEML,BEML Ltd,Screener: Construction Vehicles,247,1970.4,False,trend Bearish,12.45,21.13,19.18,25.32,Bearish (Downtrend),46.48,,,,,,,,,,,,,,,,,,False
CARBORUNIV,Carborundum Uni.,Screener: Abrasives & Bearings,247,1267.6,True,,17.0,33.1,32.17,13.08,Bullish (Uptrend),62.44,2026-09-26,OK,Screener 2026-09-26,24356.11,True,10.52,True,10.95,True,367.36,True,0.11,True,0.0,True,True,,True
CGPOWER,CG Power & Ind,Screener: Heavy Electrical Equipment,247,882.3,False,RS <= +2 pp; trend Bearish,1.62,11.8,21.43,21.43,Bearish (Downtrend),49.69,,,,,,,,,,,,,,,,,,False
CUMMINSIND,Cummins India,"Screener: Compressors, Pumps & Diesel Engines",247,4832.3,False,RS <= +2 pp; trend Bearish,-7.14,28.62,14.99,27.99,Bearish (Downtrend),38.07,,,,,,,,,,,,,,,,,,False
DEEDEV,DEE Development,Screener: Industrial Products,247,636.95,False,RS <= +2 pp; trend Bearish,0.5,11.03,21.18,24.4,Bearish (Downtrend),45.42,,,,,,,,,,,,,,,,,,False
DIACABS,Diamond Power,Screener: Other Electrical Equipment,247,350.8,False,trend Bearish,66.59,21.68,17.71,20.11,Bearish (Downtrend),49.46,,,,,,,,,,,,,,,,,,False
ELECON,Elecon Engg.Co,Screener: Heavy Electrical Equipment,247,446.35,False,RS <= +2 pp,-9.71,22.85,26.79,19.48,Bullish (Uptrend),51.9,,,,,,,,,,,,,,,,,,False
ELGIEQUIP,Elgi Equipments,"Screener: Compressors, Pumps & Diesel Engines",247,591.2,False,trend Bearish,6.11,12.0,16.41,22.5,Bearish (Downtrend),43.43,,,,,,,,,,,,,,,,,,False
EMMVEE,Emmvee Photovol.,Screener: Other Electrical Equipment,218,296.25,False,RS <= +2 pp; trend Bearish,-9.32,16.85,16.66,31.06,Bearish (Downtrend),33.32,,,,,,,,,,,,,,,,,,False
ESABINDIA,Esab India,Screener: Other Industrial Products,247,5514.0,False,trend Bearish,2.72,29.6,11.36,24.73,Bearish (Downtrend),33.31,,,,,,,,,,,,,,,,,,False
FINCABLES,Finolex Cables,Screener: Cables - Electricals,247,1467.3,True,,41.23,42.36,25.67,10.44,Bullish (Uptrend),63.11,2026-09-26,OK,Screener 2026-09-26,22342.91,True,16.01,True,10.48,True,49.08,True,0.0,True,0.0,True,True,,True
FINPIPE,Finolex Inds.,Screener: Plastic Products - Industrial,247,149.31,False,RS <= +2 pp; trend Bearish,-7.82,27.65,11.93,24.05,Bearish (Downtrend),33.62,,,,,,,,,,,,,,,,,,False
UTLSOLAR,Fujiyama Power,Screener: Other Electrical Equipment,216,412.15,False,trend Bearish,26.98,15.75,21.36,22.7,Bearish (Downtrend),46.45,,,,,,,,,,,,,,,,,,False
GVT&D,GE Vernova T&D,Screener: Heavy Electrical Equipment,247,4247.5,False,RS <= +2 pp; trend Bearish,-0.5,10.08,21.99,24.78,Bearish (Downtrend),46.3,,,,,,,,,,,,,,,,,,False
GENUSPOWER,Genus Power,Screener: Other Electrical Equipment,247,280.25,False,RS <= +2 pp; trend Bearish,-5.62,21.77,14.02,30.36,Bearish (Downtrend),26.65,,,,,,,,,,,,,,,,,,False
GMMPFAUDLR,GMM Pfaudler,Screener: Industrial Products,247,1386.6,True,,86.39,63.87,26.19,12.41,Bullish (Uptrend),58.64,2026-09-26,OK,Screener 2026-09-26,6766.96,True,13.64,True,10.82,True,388.8,True,0.86,True,0.0,True,True,,True
GOODLUCK,Goodluck India,Screener: Iron & Steel Products,247,482.0,False,trend Bearish,3.46,22.02,18.44,23.68,Bearish (Downtrend),41.17,,,,,,,,,,,,,,,,,,False
GRAPHITE,Graphite India,Screener: Electrodes & Refractories,247,816.4,True,,37.81,32.4,26.34,17.46,Bullish (Uptrend),57.76,2026-09-26,OK,Screener 2026-09-26,16034.48,True,4.58,False,2.97,False,82.54,True,0.06,True,0.0,True,False,ROCE > 8%; OPM > 8%,False
GREAVESCOT,Greaves Cotton,"Screener: Compressors, Pumps & Diesel Engines",247,220.94,True,,4.8,28.39,29.26,14.56,Bullish (Uptrend),58.95,2026-09-26,OK,Screener 2026-09-26,5469.23,True,10.11,True,6.51,False,32.58,True,0.28,True,0.0,True,False,OPM > 8%,False
GRINDWELL,Grindwell Norton,Screener: Abrasives & Bearings,247,2004.2,True,,2.45,23.74,26.56,15.23,Bullish (Uptrend),54.86,2026-09-26,OK,Screener 2026-09-26,21841.73,True,21.18,True,18.93,True,542.14,True,0.02,True,0.0,True,True,,True
HBLENGINE,HBL Engineering,Screener: Other Industrial Products,247,763.6,False,RS <= +2 pp,0.8,32.34,28.26,16.85,Bullish (Uptrend),54.28,,,,,,,,,,,,,,,,,,False
POWERINDIA,Hitachi Energy,Screener: Heavy Electrical Equipment,247,31500.0,False,trend Bearish,3.58,16.7,21.89,23.15,Bearish (Downtrend),48.88,,,,,,,,,,,,,,,,,,False
HONAUT,Honeywell Auto,Screener: Industrial Products,247,33785.0,False,RS <= +2 pp,-6.04,16.98,24.24,19.2,Bullish (Uptrend),41.04,,,,,,,,,,,,,,,,,,False
INGERRAND,Ingersoll-Rand,"Screener: Compressors, Pumps & Diesel Engines",247,4154.2,False,RS <= +2 pp; trend Bearish,-0.49,26.77,14.37,23.71,Bearish (Downtrend),34.31,,,,,,,,,,,,,,,,,,False
INOXINDIA,Inox India,Screener: Other Industrial Products,247,2089.1,True,,17.8,14.85,22.98,17.6,Bullish (Uptrend),50.02,2026-09-26,OK,Screener 2026-09-26,19575.87,True,33.48,True,21.13,True,116.65,True,0.07,True,0.0,True,True,,True
INOXWIND,Inox Wind,Screener: Heavy Electrical Equipment,247,67.8,False,RS <= +2 pp; trend Bearish,-15.78,18.29,14.69,31.1,Bearish (Downtrend),33.15,,,,,,,,,,,,,,,,,,False
JINDALSAW,Jindal Saw,Screener: Iron & Steel Products,247,275.0,False,trend Bearish,12.11,27.87,13.33,29.0,Bearish (Downtrend),42.03,,,,,,,,,,,,,,,,,,False
JWL,Jupiter Wagons,Screener: Railway Wagons,247,223.44,False,RS <= +2 pp,-7.21,19.33,23.29,18.97,Bullish (Uptrend),38.47,,,,,,,,,,,,,,,,,,False
JYOTICNC,Jyoti CNC Auto.,Screener: Industrial Products,247,1029.6,True,,39.85,26.83,23.7,19.72,Bullish (Uptrend),52.99,2026-09-26,OK,Screener 2026-09-26,24222.83,True,21.32,True,24.43,True,54.39,True,0.43,True,20.92,False,False,Pledged percentage < 15%,False
KANOHAR,Kanohar Elect.,Screener: Heavy Electrical Equipment,13,1020.25,False,trend N/A,38.25,,0.0,0.0,N/A (Insufficient History),,,,,,,,,,,,,,,,,,,False
KARAMTARA,Karamtara Engg.,Screener: Heavy Electrical Equipment,12,416.3,False,trend N/A,21.28,,0.0,0.0,N/A (Insufficient History),,,,,,,,,,,,,,,,,,,False
KEI,KEI Industries,Screener: Cables - Electricals,247,4638.2,False,RS <= +2 pp; trend Bearish,-5.43,28.87,17.56,25.14,Bearish (Downtrend),43.45,,,,,,,,,,,,,,,,,,False
KENNAMET,Kennametal India,Screener: Industrial Products,116,4193.7,True,,52.78,30.1,21.9,18.61,Bullish (Uptrend),49.51,2026-09-26,OK,Screener 2026-09-26,9246.69,True,33.21,True,20.1,True,18.3,True,0.0,True,0.0,True,True,,True
KIRLOSBROS,Kirl. Brothers,"Screener: Compressors, Pumps & Diesel Engines",247,1742.4,False,RS <= +2 pp,-0.84,22.37,22.65,16.26,Bullish (Uptrend),42.06,,,,,,,,,,,,,,,,,,False
KIRLPNU,Kirl.Pneumatic,"Screener: Compressors, Pumps & Diesel Engines",247,677.6,False,RS <= +2 pp; trend Bearish,-20.45,23.52,14.26,23.24,Bearish (Downtrend),35.3,,,,,,,,,,,,,,,,,,False
KIRLOSENG,Kirloskar Oil,"Screener: Compressors, Pumps & Diesel Engines",247,2243.7,True,,5.27,17.98,27.35,14.42,Bullish (Uptrend),53.77,2026-09-26,OK,Screener 2026-09-26,31100.5,True,14.55,True,17.51,True,932.21,True,1.48,True,0.0,True,True,,True
KRN,KRN Heat Exchan,Screener: Other Industrial Products,247,1392.7,False,trend Bearish,19.42,20.77,17.62,19.93,Bearish (Downtrend),43.23,,,,,,,,,,,,,,,,,,False
KSB,KSB,"Screener: Compressors, Pumps & Diesel Engines",247,803.95,False,RS <= +2 pp,-7.75,14.36,25.7,18.89,Bullish (Uptrend),48.13,,,,,,,,,,,,,,,,,,False
KSHINTL,KSH Internationa,Screener: Cables - Electricals,193,1036.7,True,,27.07,18.49,22.16,20.82,Bullish (Uptrend),51.51,2026-09-26,OK,Screener 2026-09-26,7016.1,True,21.46,True,6.09,False,-64.97,False,0.4,True,0.0,True,False,OPM > 8%; Cash from operations last year > 0 (Rs Cr),False
LLOYDSENGG,Lloyds Engineeri,Screener: Industrial Products,247,102.2,True,,19.32,33.22,33.08,12.53,Bullish (Uptrend),67.66,2026-09-26,OK,Screener 2026-09-26,15287.04,True,16.1,True,14.2,True,-252.9,False,0.06,True,20.31,False,False,Cash from operations last year > 0 (Rs Cr); Pledged percentage < 15%,False
LMW,LMW,Screener: Industrial Products,247,16530.0,False,trend Bearish,11.01,26.02,13.05,27.07,Bearish (Downtrend),33.03,,,,,,,,,,,,,,,,,,False
LCL,Lohia Corp,Screener: Industrial Products,46,578.95,True,,22.97,20.75,24.99,16.48,Bullish (Uptrend),55.83,2026-09-26,OK,Screener 2026-09-26,6283.01,True,43.77,True,18.67,True,325.16,True,0.34,True,0.0,True,True,,True
MAHSEAMLES,Mah. Seamless,Screener: Iron & Steel Products,247,685.05,True,,20.8,44.12,27.4,17.18,Bullish (Uptrend),48.91,2026-09-26,OK,Screener 2026-09-26,9589.11,True,14.31,True,14.75,True,932.8,True,0.0,True,0.0,True,True,,True
MANINDS,Man Industries,Screener: Iron & Steel Products,247,888.25,True,,61.57,51.84,30.38,14.33,Bullish (Uptrend),55.08,2026-09-26,OK,Screener 2026-09-26,7653.6,True,16.21,True,13.73,True,514.91,True,0.3,True,20.05,False,False,Pledged percentage < 15%,False
MTARTECH,MTAR Technologie,Screener: Other Electrical Equipment,247,7654.0,True,,14.85,16.15,35.47,16.52,Bullish (Uptrend),59.04,2026-09-26,OK,Screener 2026-09-26,21224.12,True,15.15,True,21.06,True,191.66,True,0.46,True,3.52,True,True,,True
OMNI,Omnitech Engg.,Screener: Industrial Products,144,632.15,True,,32.56,26.69,35.54,11.89,Bullish (Uptrend),66.53,2026-09-26,OK,Screener 2026-09-26,6603.15,True,17.55,True,33.96,True,-1.98,False,0.64,True,0.0,True,False,Cash from operations last year > 0 (Rs Cr),False
POLYCAB,Polycab India,Screener: Cables - Electricals,247,8080.0,False,RS <= +2 pp; trend Bearish,-9.45,29.31,13.14,31.3,Bearish (Downtrend),36.16,,,,,,,,,,,,,,,,,,False
POWERICA,Powerica Ltd,Screener: Heavy Electrical Equipment,126,587.15,True,,13.33,10.59,21.16,19.94,Bullish (Uptrend),57.23,2026-09-26,OK,Screener 2026-09-26,7377.34,True,15.67,True,12.49,True,452.88,True,0.29,True,0.0,True,True,,True
PRAJIND,Praj Industries,Screener: Industrial Products,247,304.05,False,RS <= +2 pp; trend Bearish,-10.69,25.64,14.77,27.58,Bearish (Downtrend),33.03,,,,,,,,,,,,,,,,,,False
PREMIERENE,Premier Energies,Screener: Other Electrical Equipment,247,891.95,False,RS <= +2 pp; trend Bearish,-6.56,44.14,9.92,25.28,Bearish (Downtrend),38.29,,,,,,,,,,,,,,,,,,False
QPOWER,Quality Power El,Screener: Heavy Electrical Equipment,247,1620.2,True,,47.4,23.58,28.39,17.72,Bullish (Uptrend),63.52,2026-09-26,OK,Screener 2026-09-26,11754.47,True,31.53,True,18.59,True,80.28,True,0.07,True,0.0,True,True,,True
RRKABEL,R R Kabel,Screener: Cables - Electricals,247,2648.0,True,,21.61,25.79,20.58,14.91,Bullish (Uptrend),58.84,2026-09-26,OK,Screener 2026-09-26,28596.46,True,28.1,True,8.54,True,295.29,True,0.13,True,0.0,True,True,,True
RPEL,Raghav Product.,Screener: Electrodes & Refractories,247,1825.3,True,,47.12,28.38,27.93,13.27,Bullish (Uptrend),61.79,2026-09-26,OK,Screener 2026-09-26,7804.44,True,30.3,True,29.76,True,37.0,True,0.02,True,0.0,True,True,,True
RAMRAT,Ram Ratna Wires,Screener: Other Electrical Equipment,247,635.2,True,,61.43,30.57,39.73,10.57,Bullish (Uptrend),73.26,2026-09-26,OK,Screener 2026-09-26,5320.9,True,23.58,True,5.04,False,-92.99,False,1.17,True,0.02,True,False,OPM > 8%; Cash from operations last year > 0 (Rs Cr),False
RATNAMANI,Ratnamani Metals,Screener: Iron & Steel Products,247,2564.9,True,,5.83,26.51,23.57,20.84,Bullish (Uptrend),41.86,2026-09-26,OK,Screener 2026-09-26,19473.66,True,17.91,True,16.96,True,936.01,True,0.08,True,0.0,True,True,,True
RHIM,RHI Magnesita,Screener: Electrodes & Refractories,247,372.75,True,,3.15,19.83,21.88,16.67,Bullish (Uptrend),44.73,2026-09-26,OK,Screener 2026-09-26,7980.25,True,6.46,False,11.72,True,409.1,True,0.13,True,0.0,True,False,ROCE > 8%,False
SAATVIKGL,Saatvik Green,Screener: Other Electrical Equipment,247,400.85,False,RS <= +2 pp; trend Bearish,-1.3,14.44,22.5,28.97,Bearish (Downtrend),40.42,,,,,,,,,,,,,,,,,,False
SCHNEIDER,Schneider Elect.,Screener: Heavy Electrical Equipment,247,1268.1,False,RS <= +2 pp,-9.28,14.03,26.76,12.08,Bullish (Uptrend),56.31,,,,,,,,,,,,,,,,,,False
SHAKTIPUMP,Shakti Pumps,"Screener: Compressors, Pumps & Diesel Engines",247,443.4,False,RS <= +2 pp; trend Bearish,-19.8,14.4,17.74,26.53,Bearish (Downtrend),32.56,,,,,,,,,,,,,,,,,,False
SHANTIGEAR,Shanthi Gears,Screener: Industrial Products,247,591.75,False,trend Bearish,38.61,35.82,20.3,26.07,Bearish (Downtrend),46.36,,,,,,,,,,,,,,,,,,False
SBCL,Shivalik Bimetal,Screener: Iron & Steel Products,247,1076.5,False,trend Bearish,51.82,25.91,18.46,20.06,Bearish (Downtrend),50.28,,,,,,,,,,,,,,,,,,False
SIEMENS,Siemens,Screener: Heavy Electrical Equipment,247,3701.1,False,trend Bearish,9.87,16.32,15.91,19.26,Bearish (Downtrend),39.12,,,,,,,,,,,,,,,,,,False
ENRIN,Siemens Ener.Ind,Screener: Heavy Electrical Equipment,247,3316.4,True,,3.2,14.15,25.36,15.56,Bullish (Uptrend),55.54,2026-09-26,OK,Screener 2026-09-26,117982.72,True,67.75,True,21.45,True,3670.1,True,0.04,True,0.0,True,True,,True
SKFINDIA,SKF India,Screener: Abrasives & Bearings,247,1445.9,False,RS <= +2 pp; trend Bearish,-3.73,20.43,15.81,26.49,Bearish (Downtrend),31.91,,,,,,,,,,,,,,,,,,False
SKFINDUS,SKF India Indus.,Screener: Abrasives & Bearings,205,2729.5,False,RS <= +2 pp; trend Bearish,1.38,22.02,16.19,22.05,Bearish (Downtrend),39.96,,,,,,,,,,,,,,,,,,False
SKIPPER,Skipper,Screener: Heavy Electrical Equipment,247,538.9,False,trend Bearish,2.21,10.37,19.25,20.51,Bearish (Downtrend),46.09,,,,,,,,,,,,,,,,,,False
SETL,Standard Engineering Technology,Screener: Industrial Products,176,430.05,True,,66.89,37.16,32.14,16.48,Bullish (Uptrend),62.35,2026-09-26,OK,Screener 2026-09-26,8030.54,True,14.68,True,15.2,True,45.33,True,0.1,True,21.38,False,False,Pledged percentage < 15%,False
SUPREMEIND,Supreme Inds.,Screener: Plastic Products - Industrial,247,3398.9,False,trend Bearish,11.34,14.46,20.32,26.41,Bearish (Downtrend),45.07,,,,,,,,,,,,,,,,,,False
SUZLON,Suzlon Energy,Screener: Heavy Electrical Equipment,247,38.92,False,RS <= +2 pp; trend Bearish,-23.6,44.79,9.27,36.52,Bearish (Downtrend),19.25,,,,,,,,,,,,,,,,,,False
TARIL,T R I L,Screener: Heavy Electrical Equipment,247,285.45,False,RS <= +2 pp,-10.11,16.42,24.64,18.23,Bullish (Uptrend),49.41,,,,,,,,,,,,,,,,,,False
TDPOWERSYS,TD Power Systems,Screener: Heavy Electrical Equipment,247,812.9,True,,44.7,29.43,34.3,13.09,Bullish (Uptrend),61.01,2026-09-26,OK,Screener 2026-09-26,23576.64,True,34.02,True,18.01,True,129.07,True,0.02,True,0.0,True,True,,True
TIIL,Technocraf.Inds.,Screener: Iron & Steel Products,247,2815.3,False,trend Bearish,19.1,23.1,12.82,21.09,Bearish (Downtrend),31.34,,,,,,,,,,,,,,,,,,False
TEGA,Tega Inds.,Screener: Industrial Products,247,2064.1,True,,30.21,35.4,30.17,13.24,Bullish (Uptrend),64.66,2026-09-26,OK,Screener 2026-09-26,15713.71,True,8.14,True,7.55,False,350.34,True,0.12,True,0.0,True,False,OPM > 8%,False
TEXRAIL,Texmaco Rail,Screener: Railway Wagons,247,117.18,True,,3.05,31.01,27.3,20.8,Bullish (Uptrend),48.79,2026-09-26,OK,Screener 2026-09-26,5113.07,True,11.15,True,8.91,True,362.67,True,0.38,True,0.0,True,True,,True
THERMAX,Thermax,Screener: Heavy Electrical Equipment,247,3228.2,False,RS <= +2 pp; trend Bearish,-25.6,56.21,6.62,30.48,Bearish (Downtrend),26.06,,,,,,,,,,,,,,,,,,False
TIMKEN,Timken India,Screener: Abrasives & Bearings,247,3132.3,False,RS <= +2 pp; trend Bearish,-0.17,13.57,17.14,20.71,Bearish (Downtrend),46.73,,,,,,,,,,,,,,,,,,False
TITAGARH,Titagarh Rail,Screener: Railway Wagons,247,809.65,False,RS <= +2 pp; trend Bearish,-0.51,11.55,18.83,22.56,Bearish (Downtrend),41.72,,,,,,,,,,,,,,,,,,False
TRANSRAILL,Transrail Light,Screener: Heavy Electrical Equipment,247,462.75,False,RS <= +2 pp,-4.8,35.44,30.45,16.92,Bullish (Uptrend),54.19,,,,,,,,,,,,,,,,,,False
TRITURBINE,Triveni Turbine,Screener: Heavy Electrical Equipment,247,526.1,False,RS <= +2 pp; trend Bearish,-12.75,20.98,9.87,22.89,Bearish (Downtrend),34.16,,,,,,,,,,,,,,,,,,False
UNIVCABLES,Universal Cables,Screener: Cables - Electricals,247,1520.2,False,trend Bearish,39.45,18.04,20.63,23.66,Bearish (Downtrend),52.56,,,,,,,,,,,,,,,,,,False
USHAMART,Usha Martin,Screener: Iron & Steel Products,247,510.5,True,,5.45,13.45,28.3,23.87,Bullish (Uptrend),52.52,2026-09-26,OK,Screener 2026-09-26,15810.0,True,19.47,True,20.03,True,655.34,True,0.07,True,0.0,True,True,,True
VESUVIUS,Vesuvius India,Screener: Electrodes & Refractories,247,389.4,False,RS <= +2 pp,-11.1,22.22,25.31,18.95,Bullish (Uptrend),41.02,,,,,,,,,,,,,,,,,,False
VIKRAMSOLR,Vikram Solar,Screener: Other Electrical Equipment,247,152.52,False,RS <= +2 pp; trend Bearish,-11.72,11.34,15.5,27.02,Bearish (Downtrend),28.27,,,,,,,,,,,,,,,,,,False
VOLTAMP,Volt.Transform.,Screener: Heavy Electrical Equipment,247,10561.0,True,,13.49,16.72,19.93,19.78,Bullish (Uptrend),47.92,2026-09-26,OK,Screener 2026-09-26,10834.42,True,23.5,True,15.96,True,139.71,True,0.0,True,0.0,True,True,,True
WAAREEENER,Waaree Energies,Screener: Other Electrical Equipment,247,2346.5,False,RS <= +2 pp; trend Bearish,-12.18,36.13,7.81,30.94,Bearish (Downtrend),29.34,,,,,,,,,,,,,,,,,,False
WAAREERTL,Waaree Renewab.,Screener: Other Electrical Equipment,247,809.1,False,RS <= +2 pp,-13.17,21.34,23.14,20.83,Bullish (Uptrend),35.14,,,,,,,,,,,,,,,,,,False
WELCORP,Welspun Corp,Screener: Iron & Steel Products,247,2497.5,False,trend Bearish,68.04,33.72,22.15,25.28,Bearish (Downtrend),48.09,,,,,,,,,,,,,,,,,,False
AFCONS,Afcons Infrastr.,Screener: Civil Construction,247,241.5,False,RS <= +2 pp; trend Bearish,-16.9,16.99,18.6,30.57,Bearish (Downtrend),30.96,,,,,,,,,,,,,,,,,,False
CEIGALL,Ceigall India,Screener: Civil Construction,247,383.95,True,,13.38,39.76,19.77,9.83,Bullish (Uptrend),61.06,2026-09-26,OK,Screener 2026-09-26,6691.21,True,17.26,True,14.92,True,-91.28,False,0.61,True,0.0,True,False,Cash from operations last year > 0 (Rs Cr),False
CEMPRO,Cemindia Project,Screener: Civil Construction,247,1156.6,False,RS <= +2 pp; trend Bearish,-17.74,15.73,15.19,26.22,Bearish (Downtrend),33.99,,,,,,,,,,,,,,,,,,False
DBL,Dilip Buildcon,Screener: Civil Construction,247,396.3,False,RS <= +2 pp; trend Bearish,-1.58,19.63,21.32,21.63,Bearish (Downtrend),40.01,,,,,,,,,,,,,,,,,,False
ENGINERSIN,Engineers India,Screener: Civil Construction,247,307.85,True,,32.45,42.19,28.26,11.15,Bullish (Uptrend),65.26,2026-09-26,OK,Screener 2026-09-26,17740.87,True,30.4,True,19.35,True,319.02,True,0.01,True,0.0,True,True,,True
GRINFRA,G R Infraproject,Screener: Civil Construction,247,789.45,False,RS <= +2 pp; trend Bearish,-6.45,18.8,13.08,23.97,Bearish (Downtrend),33.11,,,,,,,,,,,,,,,,,,False
HCC,Hind.Construct.,Screener: Civil Construction,247,20.0,False,RS <= +2 pp; trend Bearish,-12.46,17.88,15.77,26.99,Bearish (Downtrend),34.54,,,,,,,,,,,,,,,,,,False
IRB,IRB Infra.Devl.,Screener: Civil Construction,247,16.87,False,RS <= +2 pp; trend Bearish,-12.22,23.65,17.74,28.91,Bearish (Downtrend),28.85,,,,,,,,,,,,,,,,,,False
IRCON,Ircon Intl.,Screener: Civil Construction,247,106.88,False,RS <= +2 pp,-14.15,35.1,29.71,21.6,Bullish (Uptrend),41.42,,,,,,,,,,,,,,,,,,False
ISGEC,ISGEC Heavy,Screener: Civil Construction,247,899.3,True,,3.5,30.92,28.31,9.02,Bullish (Uptrend),63.71,2026-09-26,OK,Screener 2026-09-26,6548.17,True,11.22,True,8.32,True,764.97,True,0.35,True,0.0,True,True,,True
KPIL,Kalpataru Proj.,Screener: Civil Construction,247,1378.8,False,trend Bearish,6.12,25.56,15.47,21.11,Bearish (Downtrend),47.69,,,,,,,,,,,,,,,,,,False
KEC,KEC International,Screener: Civil Construction,247,370.55,False,RS <= +2 pp; trend Bearish,-20.44,48.52,6.95,29.63,Bearish (Downtrend),29.25,,,,,,,,,,,,,,,,,,False
LT,Larsen & Toubro,Screener: Civil Construction,247,3750.0,False,RS <= +2 pp; trend Bearish,-0.96,22.9,10.45,28.31,Bearish (Downtrend),38.24,,,,,,,,,,,,,,,,,,False
NBCC,NBCC,Screener: Civil Construction,247,76.2,False,RS <= +2 pp; trend Bearish,-17.23,39.16,9.8,36.14,Bearish (Downtrend),27.05,,,,,,,,,,,,,,,,,,False
NCC,NCC,Screener: Civil Construction,247,128.79,False,RS <= +2 pp; trend Bearish,-8.14,16.95,16.45,18.51,Bearish (Downtrend),32.68,,,,,,,,,,,,,,,,,,False
POWERMECH,Power Mech Proj.,Screener: Civil Construction,247,2431.5,False,RS <= +2 pp,-2.79,15.07,23.56,19.12,Bullish (Uptrend),49.67,,,,,,,,,,,,,,,,,,False
RVNL,Rail Vikas,Screener: Civil Construction,247,196.95,False,RS <= +2 pp; trend Bearish,-9.54,18.32,21.51,30.03,Bearish (Downtrend),37.02,,,,,,,,,,,,,,,,,,False
RITES,Rites,Screener: Civil Construction,247,205.74,False,RS <= +2 pp,1.42,22.95,25.61,17.11,Bullish (Uptrend),47.12,,,,,,,,,,,,,,,,,,False
TECHNOE,Techno Elec.Engg,Screener: Civil Construction,247,978.6,False,RS <= +2 pp,-2.58,15.21,18.52,17.4,Bullish (Uptrend),46.12,,,,,,,,,,,,,,,,,,False
WELENT,Welspun Enterp,Screener: Civil Construction,247,723.1,True,,24.04,34.81,21.58,18.87,Bullish (Uptrend),47.25,2026-09-26,OK,Screener 2026-09-26,10443.32,True,16.74,True,20.19,True,112.19,True,0.65,True,0.0,True,True,,True
