symbol,beta,risk_free_pct,market_risk_premium_pct,capm_expected_return_pct,capm_3m_return_pct,source
WELCORP,1.262,5.06,7.08,13.99,3.33,"Damodaran, country risk premiums, India total ERP, updated 5-Jan-2026"
RPEL,1.645,5.06,7.08,16.7,3.94,"Damodaran, country risk premiums, India total ERP, updated 5-Jan-2026"
SBCL,1.443,5.06,7.08,15.27,3.62,"Damodaran, country risk premiums, India total ERP, updated 5-Jan-2026"
AEROFLEX,1.892,5.06,7.08,18.45,4.32,"Damodaran, country risk premiums, India total ERP, updated 5-Jan-2026"
TDPOWERSYS,1.175,5.06,7.08,13.38,3.19,"Damodaran, country risk premiums, India total ERP, updated 5-Jan-2026"
RAMRAT,1.289,5.06,7.08,14.18,3.37,"Damodaran, country risk premiums, India total ERP, updated 5-Jan-2026"
APARINDS,1.369,5.06,7.08,14.75,3.5,"Damodaran, country risk premiums, India total ERP, updated 5-Jan-2026"
ACMESOLAR,0.393,5.06,7.08,7.84,1.9,"Damodaran, country risk premiums, India total ERP, updated 5-Jan-2026"
PORTFOLIO,1.264,5.06,7.08,14.01,3.33,"Damodaran, country risk premiums, India total ERP, updated 5-Jan-2026"
