symbol,company_name,source_index,business_focus_note,market_cap,pass_market_cap,roce,pass_roce,opm,pass_opm,operating_cash_flow,pass_operating_cash_flow,debt_to_equity,pass_debt_to_equity,pledged_pct,pass_pledged_pct,fundamentals_passed_count,fundamentals_failed,fundamentals_status,fundamentals_as_of,pledged_as_of,current_price,latest_rsi,latest_adx,plus_di,minus_di,trend_direction,rs_score_vs_nifty500,nearest_support,nearest_resistance,technically_attractive,price_sessions,rs_score_vs_nifty500_prev_avg,rs_momentum_vs_nifty500,rs_last_10d,recent_10day_contribution_pct,rs_6m_skip1m,median_turnover_cr,qtr_profit_yoy,qtr_net_profit,qtr_sales_yoy,pe,rs_score_vs_sector_avg,sector_rank,rs_momentum_vs_sector,rrg_quadrant_vs_nifty500,rrg_quadrant_vs_sector,di_gap,thin_trend_flag,recent_spike_flag,fundamentals_clean,high_turnover_business_flag,hard_fundamentals_pass,soft_fundamental_fails,selection_eligible,full_standard_candidate
ULTRACEMCO,UltraTech Cem.,Screener: Cement & Cement Products,,328714.62,True,12.66,True,19.17,True,15315.86,True,0.31,True,0.0,True,6,,OK,2026-09-26,Screener 2026-09-26,10750.0,40.12,24.25,12.41,25.21,Bearish (Downtrend),-2.73,10706.0,11370.0,False,248,-2.68,1.3,-0.28,,-4.89,288.21,15.75,2603.72,15.85,38.11,4.31,4,1.84,IMPROVING,LEADING,-12.8,False,False,True,False,True,,False,False
JKCEMENT,J K Cements,Screener: Cement & Cement Products,,38634.13,True,15.1,True,16.21,True,1872.99,True,0.88,True,0.0,True,6,,OK,2026-09-26,Screener 2026-09-26,4960.0,45.82,20.88,16.04,17.11,Bearish (Downtrend),-3.07,4951.0,5229.0,False,248,-7.63,3.81,0.38,,-13.59,18.51,-14.47,274.62,20.26,39.57,3.97,5,4.35,IMPROVING,LEADING,-1.07,True,False,True,False,True,,False,False
STARCEMENT,Star Cement,Screener: Cement & Cement Products,,7542.41,True,16.65,True,23.7,True,764.86,True,0.19,True,1.33,True,6,,OK,2026-09-26,Screener 2026-09-26,176.41,33.55,32.14,11.63,33.3,Bearish (Downtrend),-9.07,175.2,196.34,False,248,-9.26,0.54,-5.96,,-21.89,3.24,-24.1,73.91,3.39,19.96,-2.03,8,1.07,IMPROVING,IMPROVING,-21.67,False,False,True,False,True,,False,False
JKLAKSHMI,JK Lakshmi Cem.,Screener: Cement & Cement Products,,6335.71,True,12.0,True,13.68,True,1082.35,True,0.67,True,0.0,True,6,,OK,2026-09-26,Screener 2026-09-26,478.45,33.5,21.66,16.07,30.05,Bearish (Downtrend),-11.55,471.6,535.0,False,248,-12.66,1.36,-4.36,,-23.6,5.93,-28.07,108.07,9.41,16.48,-4.51,10,1.89,IMPROVING,IMPROVING,-13.98,False,False,True,False,True,,False,False
JSWCEMENT,JSW Cement,Screener: Cement & Cement Products,,15742.77,True,11.07,True,17.76,True,1170.21,True,0.68,True,0.08,True,6,,OK,2026-09-26,Screener 2026-09-26,113.2,34.22,40.12,10.16,27.58,Bearish (Downtrend),-11.85,112.83,123.9,False,248,-7.99,-4.25,0.16,,-4.65,16.66,359.81,153.43,21.58,19.96,-4.81,11,-3.72,LAGGING,LAGGING,-17.42,False,False,True,False,True,,False,False
SHREECEM,Shree Cement,Screener: Cement & Cement Products,,81253.84,True,10.27,True,20.91,True,3794.07,True,0.08,True,0.0,True,6,,OK,2026-09-26,Screener 2026-09-26,22210.0,41.54,34.68,13.44,30.39,Bearish (Downtrend),-11.86,21905.0,23920.0,False,248,-9.54,-1.62,1.37,,-7.67,41.2,-17.66,531.12,18.03,49.85,-4.82,12,-1.09,LAGGING,LAGGING,-16.95,False,False,True,False,True,,False,False
BIRLACORPN,Birla Corpn.,Screener: Cement & Cement Products,,6548.16,True,9.78,True,14.72,True,950.44,True,0.46,True,0.0,True,6,,OK,2026-09-26,Screener 2026-09-26,803.45,34.35,29.39,12.04,26.77,Bearish (Downtrend),-12.01,789.9,892.0,False,248,-17.4,7.26,0.26,,-12.06,4.84,-3.21,115.73,7.83,11.75,-4.97,13,7.79,IMPROVING,IMPROVING,-14.73,False,False,True,False,True,,False,False
NUVOCO,Nuvoco Vistas,Screener: Cement & Cement Products,"FIT: Nuvoco Vistas (Nirma group), cement and ready-mix concrete; the only Cement stock in the 15.",11980.8,True,6.99,False,16.44,True,1485.17,True,0.53,True,0.0,True,5,ROCE > 8%,OK,2026-09-26,Screener 2026-09-26,326.5,47.4,12.38,20.26,24.9,Bearish (Downtrend),8.53,326.4,326.65,False,248,4.53,4.66,1.65,19.3,4.37,9.96,19.98,159.63,8.91,28.87,15.57,1,5.2,LEADING,LEADING,-4.64,False,False,False,False,True,ROCE > 8%,False,False
DALBHARAT,Dalmia BharatLtd,Screener: Cement & Cement Products,,31889.96,True,7.59,False,19.96,True,2278.0,True,0.41,True,0.0,True,5,ROCE > 8%,OK,2026-09-26,Screener 2026-09-26,1682.6,41.63,20.1,16.25,22.82,Bearish (Downtrend),-0.95,1675.1,1765.3,False,248,2.19,-1.62,-1.76,,-12.35,22.84,-15.27,192.0,6.99,29.03,6.09,2,-1.09,LAGGING,WEAKENING,-6.57,False,False,False,False,True,ROCE > 8%,False,False
RAMCOCEM,The Ramco Cement,Screener: Cement & Cement Products,,20499.55,True,6.13,False,14.57,True,1611.06,True,0.48,True,3.43,True,5,ROCE > 8%,OK,2026-09-26,Screener 2026-09-26,848.25,41.17,18.64,15.64,27.77,Bearish (Downtrend),-4.48,847.3,898.0,False,248,-0.25,-4.83,-1.29,,-16.03,15.36,-74.66,31.24,9.6,107.57,2.56,6,-4.3,LAGGING,WEAKENING,-12.13,False,False,False,False,True,ROCE > 8%,False,False
ACC,ACC,Screener: Cement & Cement Products,,23218.02,True,11.25,True,10.33,True,-1364.01,False,0.02,True,0.0,True,5,Cash from operations last year > 0 (Rs Cr),OK,2026-09-26,Screener 2026-09-26,1177.0,26.95,22.39,13.09,31.97,Bearish (Downtrend),-9.99,1166.1,1288.5,False,248,-6.12,-1.68,-3.44,,-15.12,16.65,-56.33,147.0,-4.59,12.22,-2.95,9,-1.15,LAGGING,LAGGING,-18.88,False,False,False,False,True,Cash from operations last year > 0 (Rs Cr),False,False
AMBUJACEM,Ambuja Cements,Screener: Cement & Cement Products,,95367.28,True,5.61,False,15.47,True,5361.53,True,0.01,True,0.0,True,5,ROCE > 8%,OK,2026-09-26,Screener 2026-09-26,361.55,31.52,35.62,9.63,34.46,Bearish (Downtrend),-12.07,356.3,405.35,False,248,-7.77,-2.41,-4.6,,-14.27,67.36,-29.75,660.0,-7.67,20.26,-5.03,14,-1.88,LAGGING,LAGGING,-24.83,False,False,False,False,True,ROCE > 8%,False,False
GRASIM,Grasim Inds,Screener: Cement & Cement Products,"CONGLOMERATE CONCERN. Consolidated results include UltraTech (cement) but also VSF and chemicals, paints, B2B e-commerce and financial services (Aditya Birla Capital).",217158.97,True,8.01,True,20.96,True,-17809.61,False,2.2,False,0.0,True,4,Cash from operations last year > 0 (Rs Cr); Debt to equity < 1.5,OK,2026-09-26,Screener 2026-09-26,2969.0,29.42,30.51,8.68,35.06,Bearish (Downtrend),-1.96,2944.4,2975.0,False,248,2.96,-2.78,-3.35,,18.03,235.11,49.95,3846.28,21.43,37.85,5.08,3,-2.25,LAGGING,WEAKENING,-26.38,False,False,False,False,False,Cash from operations last year > 0 (Rs Cr),False,False
PRSMJOHNSN,Prism Johnson,Screener: Cement & Cement Products,,5854.58,True,5.92,False,9.79,False,502.89,True,1.1,True,0.0,True,4,ROCE > 8%; OPM > 10%,OK,2026-09-26,Screener 2026-09-26,103.48,33.22,34.11,17.77,28.98,Bearish (Downtrend),-5.15,103.08,115.0,False,248,-3.41,-0.16,-8.26,,-21.06,2.94,515.75,112.7,2.57,49.89,1.89,7,0.38,LAGGING,LEADING,-11.21,False,False,False,False,True,ROCE > 8%; OPM > 10%,False,False
INDIACEM,India Cements,Screener: Cement & Cement Products,,10012.78,True,1.24,False,10.47,True,-26.73,False,0.13,True,0.0,True,4,ROCE > 8%; Cash from operations last year > 0 (Rs Cr),OK,2026-09-26,Screener 2026-09-26,295.25,21.04,37.73,9.86,35.42,Bearish (Downtrend),-17.42,290.25,362.2,False,248,-8.53,-7.57,-11.55,,-11.1,4.56,526.14,26.85,-0.52,74.17,-10.37,15,-7.04,LAGGING,LAGGING,-25.56,False,False,False,False,True,ROCE > 8%; Cash from operations last year > 0 (Rs Cr),False,False
