sigma,expected_return,w_WELCORP,w_RPEL,w_SBCL,w_AEROFLEX,w_TDPOWERSYS,w_RAMRAT,w_APARINDS,w_ACMESOLAR
0.249005,0.815956,12.690000,7.010000,12.110000,0.000000,7.950000,16.670000,8.430000,35.140000
0.249127,0.828140,13.950000,7.330000,12.090000,0.000000,8.310000,16.340000,8.300000,33.690000
0.249194,0.831114,14.260000,7.410000,12.080000,0.000000,8.390000,16.260000,8.270000,33.340000
0.249298,0.834813,14.640000,7.510000,12.080000,0.000000,8.500000,16.160000,8.220000,32.900000
0.249458,0.839416,15.120000,7.630000,12.070000,0.000000,8.630000,16.030000,8.170000,32.350000
0.249706,0.845142,15.710000,7.770000,12.060000,0.000000,8.800000,15.880000,8.110000,31.670000
0.250089,0.852265,16.450000,7.960000,12.040000,0.000000,9.000000,15.690000,8.030000,30.820000
0.250751,0.862120,17.340000,8.140000,12.030000,0.250000,9.200000,15.420000,7.890000,29.740000
0.251881,0.875778,18.390000,8.280000,12.000000,0.920000,9.370000,15.040000,7.660000,28.340000
0.253621,0.892769,19.690000,8.460000,11.960000,1.740000,9.580000,14.570000,7.380000,26.610000
0.256290,0.913908,21.320000,8.690000,11.920000,2.770000,9.850000,13.990000,7.020000,24.450000
0.260367,0.940206,23.340000,8.970000,11.860000,4.050000,10.170000,13.260000,6.580000,21.770000
0.266554,0.972923,25.850000,9.320000,11.790000,5.640000,10.580000,12.360000,6.020000,18.440000
0.275856,1.013625,28.980000,9.750000,11.700000,7.620000,11.090000,11.230000,5.340000,14.290000
0.289665,1.064261,32.870000,10.290000,11.600000,10.090000,11.720000,9.830000,4.480000,9.120000
0.309826,1.127256,37.710000,10.960000,11.460000,13.150000,12.500000,8.090000,3.420000,2.700000
0.327585,1.175773,42.160000,11.240000,11.130000,16.530000,13.140000,4.660000,1.140000,0.000000
0.342342,1.209525,45.880000,11.040000,9.920000,20.040000,13.120000,0.000000,0.000000,0.000000
0.351994,1.227665,48.530000,9.470000,6.820000,23.390000,11.780000,0.000000,0.000000,0.000000
0.366431,1.250233,51.830000,7.520000,2.970000,27.570000,10.110000,0.000000,0.000000,0.000000
0.384002,1.273611,55.220000,4.490000,0.000000,32.550000,7.740000,0.000000,0.000000,0.000000
0.400904,1.292343,57.770000,0.000000,0.000000,38.150000,4.090000,0.000000,0.000000,0.000000
0.412320,1.303069,57.260000,0.000000,0.000000,42.740000,0.000000,0.000000,0.000000,0.000000
0.417920,1.307293,53.690000,0.000000,0.000000,46.310000,0.000000,0.000000,0.000000,0.000000
0.426444,1.312547,49.250000,0.000000,0.000000,50.750000,0.000000,0.000000,0.000000,0.000000
0.439309,1.319084,43.720000,0.000000,0.000000,56.280000,0.000000,0.000000,0.000000,0.000000
0.458511,1.327217,36.850000,0.000000,0.000000,63.150000,0.000000,0.000000,0.000000,0.000000
0.486738,1.337334,28.300000,0.000000,0.000000,71.700000,0.000000,0.000000,0.000000,0.000000
0.527456,1.349921,17.660000,0.000000,0.000000,82.340000,0.000000,0.000000,0.000000,0.000000
0.584913,1.365580,4.430000,0.000000,0.000000,95.570000,0.000000,0.000000,0.000000,0.000000
0.605490,1.370821,0.000000,0.000000,0.000000,100.000000,0.000000,0.000000,0.000000,0.000000
0.605490,1.370821,0.000000,0.000000,0.000000,100.000000,0.000000,0.000000,0.000000,0.000000
0.605490,1.370821,0.000000,0.000000,0.000000,100.000000,0.000000,0.000000,0.000000,0.000000
