strike,premium,open_interest,lots,cost_inr,cost_pct_of_principal,strike_below_spot_pct,portfolio_loss_before_cover_pct
20000.0,57.35,1860935,9,33550.0,0.34,11.19,14.68
20050.0,10.18,3315,9,5955.0,0.06,10.97,14.39
20150.0,61.85,1495,9,36182.0,0.36,10.53,13.81
20200.0,13.99,195,9,8184.0,0.08,10.3,13.51
20350.0,72.4,3315,9,42354.0,0.42,9.64,12.64
20400.0,72.5,2080,9,42412.0,0.42,9.42,12.35
20450.0,23.05,1885,9,13484.0,0.13,9.19,12.05
20500.0,76.0,190515,9,44460.0,0.44,8.97,11.76
20550.0,27.87,2470,9,16304.0,0.16,8.75,11.48
20600.0,30.58,1560,9,17889.0,0.18,8.53,11.19
20650.0,33.51,1040,9,19603.0,0.2,8.31,10.9
20700.0,89.85,5460,9,52562.0,0.53,8.08,10.6
20750.0,40.06,1885,9,23435.0,0.23,7.86,10.31
20800.0,43.72,1755,9,25576.0,0.26,7.64,10.02
20850.0,47.65,2080,9,27875.0,0.28,7.42,9.73
20900.0,103.85,7930,9,60752.0,0.61,7.2,9.44
20950.0,107.65,5720,9,62975.0,0.63,6.97,9.14
21000.0,113.55,2317680,9,66427.0,0.66,6.75,8.85
21050.0,66.34,2860,9,38809.0,0.39,6.53,8.56
21100.0,122.15,8190,9,71458.0,0.71,6.31,8.28
21150.0,77.69,1950,9,45449.0,0.45,6.09,7.99
21200.0,132.5,16185,9,77512.0,0.78,5.86,7.69
21250.0,137.8,4810,9,80613.0,0.81,5.64,7.4
21300.0,145.55,13130,9,85147.0,0.85,5.42,7.11
21350.0,149.4,3640,9,87399.0,0.87,5.2,6.82
21400.0,157.15,12675,9,91933.0,0.92,4.98,6.53
21450.0,121.23,2535,9,70920.0,0.71,4.75,6.23
21500.0,170.95,508105,9,100006.0,1.0,4.53,5.94
21550.0,180.6,6760,9,105651.0,1.06,4.31,5.65
21600.0,187.0,53560,9,109395.0,1.09,4.09,5.36
21650.0,194.45,9230,9,113753.0,1.14,3.87,5.08
21700.0,202.95,68380,9,118726.0,1.19,3.64,4.77
21750.0,208.95,17745,9,122236.0,1.22,3.42,4.49
21800.0,220.3,93080,9,128876.0,1.29,3.2,4.2
21850.0,205.92,11310,9,120463.0,1.2,2.98,3.91
21900.0,241.15,54795,9,141073.0,1.41,2.76,3.62
21950.0,249.45,12610,9,145928.0,1.46,2.53,3.32
22000.0,264.7,3496245,9,154849.0,1.55,2.31,3.03
22050.0,274.0,11375,9,160290.0,1.6,2.09,2.74
22100.0,285.75,38285,9,167164.0,1.67,1.87,2.45
22150.0,301.55,9620,9,176407.0,1.76,1.64,2.15
22200.0,312.45,60645,9,182783.0,1.83,1.42,1.86
22250.0,327.4,11050,9,191529.0,1.92,1.2,1.57
22300.0,339.95,67990,9,198871.0,1.99,0.98,1.29
22350.0,364.16,7410,9,213034.0,2.13,0.76,1.0
22400.0,374.55,42770,9,219112.0,2.19,0.53,0.7
22450.0,389.6,6630,9,227916.0,2.28,0.31,0.41
22500.0,406.7,1820065,9,237919.0,2.38,0.09,0.12
