nifty50_move_pct,nifty50_level,unhedged_pnl_inr,put_payoff_inr,premium_inr,hedged_pnl_inr,unhedged_pnl_pct,hedged_pnl_pct
-25,16916.8,-3125303,2643258,137670,-619716,-31.25,-6.2
-20,18044.6,-2500243,2056808,137670,-581105,-25.0,-5.81
-15,19172.4,-1875182,1470358,137670,-542493,-18.75,-5.42
-10,20300.2,-1250121,883909,137670,-503882,-12.5,-5.04
-5,21428.0,-625061,297460,137670,-465271,-6.25,-4.65
0,22555.8,0,0,137670,-137670,0.0,-1.38
5,23683.5,562587,0,137670,424917,5.63,4.25
10,24811.3,1125175,0,137670,987505,11.25,9.88
15,25939.1,1687762,0,137670,1550092,16.88,15.5
