symbol,rs_score_vs_nifty500,rs_last_10d,recent_10day_contribution_pct,recent_spike_flag,next_results_date,results_date_status,results_within_30_days,prior_year_sep_qtr_results_date,q2_results_date,q2_results_basis,days_to_results,last_results_date
WELCORP,86.4,14.11,16.3,False,,not announced,,2025-10-30,2026-10-29,estimate,29,2026-07-24
RPEL,44.83,18.98,42.3,False,,not announced,,2025-10-27,2026-10-26,estimate,26,2026-07-15
SBCL,45.55,3.43,7.5,False,,not announced,,2025-11-12,2026-11-11,estimate,42,2026-08-06
AEROFLEX,17.29,13.58,78.5,True,,not announced,,2025-10-28,2026-10-27,estimate,27,2026-07-27
TDPOWERSYS,37.12,14.98,40.4,False,,not announced,,2025-10-30,2026-10-29,estimate,29,2026-08-11
RAMRAT,47.66,12.81,26.9,False,,not announced,,2025-11-12,2026-11-11,estimate,42,2026-07-31
APARINDS,20.24,3.85,19.0,False,,not announced,,2025-10-29,2026-10-28,estimate,28,2026-07-24
ACMESOLAR,16.76,7.07,42.2,False,,not announced,,2025-11-03,2026-11-02,estimate,33,2026-07-29
QPOWER,39.68,13.42,33.8,False,,not announced,,2025-11-12,2026-11-11,estimate,42,2026-08-09
FINCABLES,33.49,8.48,25.3,False,,not announced,,2025-11-11,2026-11-10,estimate,41,2026-08-11
GRINDWELL,-3.11,9.66,,False,,not announced,,2025-10-30,2026-10-29,estimate,29,2026-07-24
ACE,26.3,9.2,35.0,False,,not announced,,2025-11-06,2026-11-05,estimate,36,2026-07-20
CARBORUNIV,14.83,21.15,142.6,True,,not announced,,2025-10-30,2026-10-29,estimate,29,2026-08-07
GOODLUCK,7.37,1.6,21.7,False,,not announced,,2025-11-08,2026-11-07,estimate,38,2026-08-06
ENGINERSIN,37.32,20.82,55.8,True,,not announced,,2025-11-14,2026-11-13,estimate,44,2026-08-13
