date,portfolio,nifty500_tri
2025-10-01,1.011223,1.008541
2025-10-03,1.036760,1.012917
2025-10-06,1.035706,1.019161
2025-10-07,1.041119,1.020913
2025-10-08,1.030105,1.016508
2025-10-09,1.027793,1.022332
2025-10-10,1.022658,1.026550
2025-10-13,1.015153,1.024671
2025-10-14,1.007017,1.019799
2025-10-15,1.012162,1.028360
2025-10-16,1.019833,1.036562
2025-10-17,1.010721,1.038136
2025-10-20,1.011735,1.043381
2025-10-21,1.032719,1.045276
2025-10-23,1.021661,1.045140
2025-10-24,1.020417,1.042125
2025-10-27,1.036215,1.049394
2025-10-28,1.051786,1.048148
2025-10-29,1.066155,1.054302
2025-10-30,1.061403,1.049412
2025-10-31,1.085614,1.043658
2025-11-03,1.100519,1.048116
2025-11-04,1.090552,1.042169
2025-11-06,1.078787,1.035059
2025-11-07,1.085427,1.035649
2025-11-10,1.097710,1.039084
2025-11-11,1.098621,1.042876
2025-11-12,1.114605,1.049667
2025-11-13,1.096292,1.048759
2025-11-14,1.103830,1.049693
2025-11-17,1.101020,1.054899
2025-11-18,1.092428,1.049208
2025-11-19,1.088453,1.052814
2025-11-20,1.082542,1.055867
2025-11-21,1.062031,1.047734
2025-11-24,1.047324,1.042639
2025-11-25,1.061111,1.041780
2025-11-26,1.072047,1.055027
2025-11-27,1.066136,1.054698
2025-11-28,1.063924,1.054058
2025-12-01,1.061085,1.053584
2025-12-02,1.055859,1.049170
2025-12-03,1.043876,1.044505
2025-12-04,1.034757,1.045598
2025-12-05,1.023152,1.049746
2025-12-08,0.999777,1.036134
2025-12-09,1.015301,1.035696
2025-12-10,1.011769,1.030963
2025-12-11,1.021923,1.037219
2025-12-12,1.034375,1.044943
2025-12-15,1.041481,1.044898
2025-12-16,1.034456,1.038069
2025-12-17,1.033761,1.034807
2025-12-18,1.019278,1.034605
2025-12-19,1.031860,1.042802
2025-12-22,1.055373,1.051174
2025-12-23,1.069551,1.052385
2025-12-24,1.059435,1.050410
2025-12-26,1.046882,1.047326
2025-12-29,1.050864,1.043004
2025-12-30,1.032835,1.042417
2025-12-31,1.035769,1.051346
2026-01-01,1.029753,1.053021
2026-01-02,1.037354,1.061364
2026-01-05,1.029365,1.059578
2026-01-06,1.017510,1.057466
2026-01-07,1.026085,1.057736
2026-01-08,1.006949,1.042916
2026-01-09,0.991722,1.033544
2026-01-12,0.985336,1.035443
2026-01-13,0.985317,1.034132
2026-01-14,0.971983,1.033919
2026-01-16,0.960576,1.034706
2026-01-19,0.957442,1.029792
2026-01-20,0.927736,1.010991
2026-01-21,0.912784,1.006088
2026-01-22,0.926393,1.013735
2026-01-23,0.900067,1.000413
2026-01-27,0.901991,1.005421
2026-01-28,0.932110,1.017003
2026-01-29,0.951343,1.019333
2026-01-30,0.971263,1.016933
2026-02-01,0.965651,0.996303
2026-02-02,0.966886,1.006250
2026-02-03,1.043745,1.033102
2026-02-04,1.051117,1.037026
2026-02-05,1.044309,1.031670
2026-02-06,1.039924,1.032810
2026-02-09,1.079627,1.043890
2026-02-10,1.093159,1.047029
2026-02-11,1.093295,1.048424
2026-02-12,1.081823,1.042628
2026-02-13,1.061501,1.027725
2026-02-16,1.066654,1.034770
2026-02-17,1.079173,1.037757
2026-02-18,1.095343,1.042571
2026-02-19,1.086702,1.027213
2026-02-20,1.093751,1.031584
2026-02-23,1.100812,1.035552
2026-02-24,1.094701,1.027601
2026-02-25,1.093305,1.031974
2026-02-26,1.103487,1.033946
2026-02-27,1.111304,1.021526
2026-03-02,1.091794,1.006935
2026-03-04,1.057524,0.988145
2026-03-05,1.090292,1.000844
2026-03-06,1.087186,0.991343
2026-03-09,1.053240,0.972612
2026-03-10,1.072909,0.985243
2026-03-11,1.065070,0.971989
2026-03-12,1.068326,0.965643
2026-03-13,1.048111,0.943326
2026-03-16,1.044127,0.948071
2026-03-17,1.064796,0.955591
2026-03-18,1.076397,0.966532
2026-03-19,1.058252,0.936032
2026-03-20,1.061426,0.940556
2026-03-23,1.023745,0.911313
2026-03-24,1.056331,0.929076
2026-03-25,1.075438,0.947211
2026-03-27,1.071749,0.927124
2026-03-30,1.047911,0.905433
2026-04-01,1.088471,0.923390
2026-04-02,1.096451,0.923543
2026-04-06,1.110192,0.934821
2026-04-07,1.120227,0.939338
2026-04-08,1.167736,0.976421
2026-04-09,1.179265,0.972027
2026-04-10,1.212277,0.985669
2026-04-13,1.226480,0.978271
2026-04-15,1.260766,0.996642
2026-04-16,1.269517,0.999322
2026-04-17,1.321919,1.008738
2026-04-20,1.317215,1.008578
2026-04-21,1.320597,1.016367
2026-04-22,1.349414,1.014123
2026-04-23,1.355620,1.006164
2026-04-24,1.361418,0.995676
2026-04-27,1.414850,1.006772
2026-04-28,1.418905,1.004311
2026-04-29,1.430407,1.008962
2026-04-30,1.435021,1.000727
2026-05-04,1.447743,1.007225
2026-05-05,1.460007,1.006238
2026-05-06,1.468075,1.020583
2026-05-07,1.529338,1.024139
2026-05-08,1.528489,1.019815
2026-05-11,1.503509,1.005703
2026-05-12,1.458479,0.983838
2026-05-13,1.458152,0.987256
2026-05-14,1.494522,0.997658
2026-05-15,1.498968,0.994432
2026-05-18,1.497691,0.991339
2026-05-19,1.524013,0.994019
2026-05-20,1.549020,0.996514
2026-05-21,1.565892,0.997609
2026-05-22,1.573903,1.000008
2026-05-25,1.612235,1.012509
2026-05-26,1.637654,1.011085
2026-05-27,1.664409,1.014190
2026-05-29,1.633971,1.000594
2026-06-01,1.590795,0.990937
2026-06-02,1.642645,0.994610
2026-06-03,1.656382,0.991587
2026-06-04,1.682888,0.993614
2026-06-05,1.690578,0.992454
2026-06-08,1.642232,0.979569
2026-06-09,1.676771,0.988247
2026-06-10,1.639080,0.982252
2026-06-11,1.632828,0.976976
2026-06-12,1.692342,0.998711
2026-06-15,1.730584,1.011592
2026-06-16,1.734534,1.016276
2026-06-17,1.756072,1.021245
2026-06-18,1.756068,1.025534
2026-06-19,1.781343,1.023890
2026-06-22,1.806247,1.029094
2026-06-23,1.828053,1.018189
2026-06-24,1.798770,1.023293
2026-06-25,1.779429,1.022769
2026-06-29,1.797978,1.017746
2026-06-30,1.811978,1.017673
2026-07-01,1.798883,1.022808
2026-07-02,1.821332,1.029586
2026-07-03,1.761536,1.031431
2026-07-06,1.796312,1.037318
2026-07-07,1.749609,1.034499
2026-07-08,1.717762,1.014118
2026-07-09,1.753355,1.021812
2026-07-10,1.786949,1.033795
2026-07-13,1.791623,1.033735
2026-07-14,1.783339,1.027216
2026-07-15,1.803132,1.030143
2026-07-16,1.804715,1.028761
2026-07-17,1.776288,1.033600
2026-07-20,1.785127,1.033682
2026-07-21,1.780933,1.034311
2026-07-22,1.770354,1.025142
2026-07-23,1.764979,1.017959
2026-07-24,1.774330,1.015397
2026-07-27,1.780010,1.026099
2026-07-28,1.777170,1.024417
2026-07-29,1.807303,1.034960
2026-07-30,1.787868,1.035019
2026-07-31,1.803941,1.040061
2026-08-03,1.819797,1.055684
2026-08-04,1.865639,1.050707
2026-08-05,1.886437,1.052756
2026-08-06,1.911187,1.052487
2026-08-07,1.960452,1.051906
2026-08-10,2.007970,1.053297
2026-08-11,1.998405,1.050565
2026-08-12,2.081489,1.050191
2026-08-13,2.087543,1.049612
2026-08-14,2.101428,1.046888
2026-08-17,2.091487,1.045552
2026-08-18,2.146704,1.041479
2026-08-19,2.173531,1.037659
2026-08-20,2.187736,1.043287
2026-08-21,2.251411,1.044092
2026-08-24,2.276909,1.043278
2026-08-25,2.243390,1.047712
2026-08-26,2.306493,1.045387
2026-08-27,2.352449,1.041993
2026-08-28,2.381106,1.044079
2026-08-31,2.384350,1.040611
2026-09-01,2.398648,1.035710
2026-09-02,2.354402,1.030608
2026-09-03,2.447153,1.031995
2026-09-04,2.434228,1.032102
2026-09-07,2.394391,1.027755
2026-09-08,2.419441,1.025539
2026-09-09,2.400694,1.019001
2026-09-10,2.431675,1.018716
2026-09-11,2.448402,1.014930
2026-09-15,2.302042,0.997664
2026-09-16,2.293703,1.000087
2026-09-17,2.369505,1.005534
2026-09-18,2.454260,1.013793
2026-09-21,2.501488,1.014680
2026-09-22,2.502363,1.011761
2026-09-23,2.505068,1.018020
2026-09-24,2.468156,1.001045
2026-09-25,2.502357,1.003306
2026-09-28,2.448965,0.986822
2026-09-29,2.515869,0.981001
2026-09-30,2.499120,0.979718
