symbol,company_name,index,price_sessions,current_price,passed_technical_screen,technical_fail_reason,rs_score,adx,plus_di,minus_di,trend_direction,rsi,fundamentals_as_of,fundamentals_status,pledged_as_of,market_cap,pass_market_cap,roce,pass_roce,interest_coverage,pass_interest_coverage,operating_cash_flow,pass_operating_cash_flow,pledged_pct,pass_pledged_pct,passed_fundamental_screen,failed_criteria,passes_both_screens
ACMESOLAR,ACME Solar Hold.,Screener: Power Generation,248,439.0,True,,16.76,33.34,26.9,13.33,Bullish (Uptrend),60.56,2026-09-26,OK,Screener 2026-09-26,31307.46,True,8.91,True,1.66,True,1248.59,True,0.0,True,True,,True
ADANIENSOL,Adani Energy Sol,Screener: Power Distribution,248,1314.6,False,RS <= +2 pp; trend Bearish,-10.44,30.49,14.12,30.92,Bearish (Downtrend),35.56,,,,,,,,,,,,,,,,False
ADANIGREEN,Adani Green,Screener: Power Generation,248,1278.0,False,RS <= +2 pp; trend Bearish,-12.7,15.31,18.66,23.52,Bearish (Downtrend),46.8,,,,,,,,,,,,,,,,False
ADANIPOWER,Adani Power,Screener: Integrated Power Utilities,248,204.0,False,RS <= +2 pp; trend Bearish,-4.03,16.1,17.78,25.71,Bearish (Downtrend),48.7,,,,,,,,,,,,,,,,False
CESC,CESC,Screener: Integrated Power Utilities,248,133.85,False,RS <= +2 pp; trend Bearish,-16.23,23.5,13.3,34.39,Bearish (Downtrend),22.42,,,,,,,,,,,,,,,,False
CLEANMAX,Clean Max Enviro,Screener: Power Generation,144,1327.2,True,,4.02,16.92,19.92,18.89,Bullish (Uptrend),48.51,2026-09-26,OK,Screener 2026-09-26,16379.72,True,6.16,True,1.31,False,1731.24,True,20.02,False,False,Interest coverage > 1.5; Pledged percentage < 15%,False
GMRP&UI,GMR Urban,Screener: Power Generation,248,105.38,True,,10.36,16.87,27.29,12.99,Bullish (Uptrend),67.46,2026-09-26,OK,Screener 2026-09-26,8019.49,True,11.96,True,0.94,False,1259.98,True,59.96,False,False,Interest coverage > 1.5; Pledged percentage < 15%,False
JPPOWER,JP Power Ven.,Screener: Power Generation,248,15.13,False,RS <= +2 pp; trend Bearish,-10.16,15.3,22.96,26.06,Bearish (Downtrend),33.68,,,,,,,,,,,,,,,,False
JSWENERGY,JSW Energy,Screener: Power Generation,248,494.7,False,RS <= +2 pp; trend Bearish,-7.37,17.55,15.4,29.8,Bearish (Downtrend),34.92,,,,,,,,,,,,,,,,False
JNPR,Juniper Green,Screener: Power Generation,39,273.3,True,,12.22,16.44,22.08,12.56,Bullish (Uptrend),56.95,2026-09-26,OK,Screener 2026-09-26,15138.2,True,3.3,False,1.09,False,469.99,True,0.0,True,False,ROCE > 6%; Interest coverage > 1.5,False
KPIGREEN,KPI Green Energy,Screener: Power Generation,248,358.95,False,RS <= +2 pp,-5.7,49.23,37.67,12.28,Bullish (Uptrend),62.89,,,,,,,,,,,,,,,,False
NAVA,Nava,Screener: Power Generation,248,559.35,False,RS <= +2 pp,-4.67,16.24,23.19,14.59,Bullish (Uptrend),51.53,,,,,,,,,,,,,,,,False
NHPC,NHPC Ltd,Screener: Power Generation,248,72.81,False,RS <= +2 pp; trend Bearish,-4.53,13.58,13.99,24.78,Bearish (Downtrend),32.62,,,,,,,,,,,,,,,,False
NLCINDIA,NLC India,Screener: Power Generation,248,261.7,False,RS <= +2 pp; trend Bearish,-11.79,23.59,15.35,26.66,Bearish (Downtrend),42.53,,,,,,,,,,,,,,,,False
NTPC,NTPC,Screener: Power Generation,248,322.75,False,RS <= +2 pp; trend Bearish,-4.78,32.61,7.46,24.25,Bearish (Downtrend),37.7,,,,,,,,,,,,,,,,False
NTPCGREEN,NTPC Green Ene.,Screener: Power Generation,248,93.37,False,RS <= +2 pp,1.91,21.23,26.57,20.1,Bullish (Uptrend),57.13,,,,,,,,,,,,,,,,False
POWERGRID,Power Grid Corpn,Screener: Power - Transmission,248,260.5,False,RS <= +2 pp; trend Bearish,-4.48,12.85,15.83,21.25,Bearish (Downtrend),40.86,,,,,,,,,,,,,,,,False
RPOWER,Reliance Power,Screener: Power Generation,248,19.69,False,RS <= +2 pp; trend Bearish,-20.57,16.41,16.47,29.02,Bearish (Downtrend),23.51,,,,,,,,,,,,,,,,False
SJVN,SJVN,Screener: Power Generation,248,59.32,False,RS <= +2 pp; trend Bearish,-13.12,30.21,10.38,34.05,Bearish (Downtrend),20.71,,,,,,,,,,,,,,,,False
TATAPOWER,Tata Power Co.,Screener: Integrated Power Utilities,248,359.0,False,RS <= +2 pp,0.5,19.35,20.15,19.91,Bullish (Uptrend),42.01,,,,,,,,,,,,,,,,False
TORNTPOWER,Torrent Power,Screener: Integrated Power Utilities,248,1245.9,False,RS <= +2 pp; trend Bearish,-5.52,18.49,19.22,24.55,Bearish (Downtrend),43.79,,,,,,,,,,,,,,,,False
VEDPOWER,Vedanta Power,Screener: Power Generation,76,32.84,False,RS <= +2 pp,-27.36,22.91,21.73,17.88,Bullish (Uptrend),46.43,,,,,,,,,,,,,,,,False
