symbol,company_name,source_index,business_focus_note,market_cap,pass_market_cap,roce,pass_roce,interest_coverage,pass_interest_coverage,operating_cash_flow,pass_operating_cash_flow,pledged_pct,pass_pledged_pct,fundamentals_passed_count,fundamentals_failed,fundamentals_status,fundamentals_as_of,pledged_as_of,current_price,latest_rsi,latest_adx,plus_di,minus_di,trend_direction,rs_score_vs_nifty500,nearest_support,nearest_resistance,technically_attractive,price_sessions,rs_score_vs_nifty500_prev_avg,rs_momentum_vs_nifty500,rs_last_10d,recent_10day_contribution_pct,rs_6m_skip1m,median_turnover_cr,qtr_profit_yoy,qtr_net_profit,qtr_sales_yoy,pe,rs_score_vs_sector_avg,sector_rank,rs_momentum_vs_sector,rrg_quadrant_vs_nifty500,rrg_quadrant_vs_sector,di_gap,thin_trend_flag,recent_spike_flag,fundamentals_clean,high_turnover_business_flag,hard_fundamentals_pass,soft_fundamental_fails,selection_eligible,full_standard_candidate
ACMESOLAR,ACME Solar Hold.,Screener: Power Generation,"FIT: renewable independent power producer (solar, wind, hybrid, firm power), 25-year PPAs.",31307.46,True,8.91,True,1.66,True,1248.59,True,0.0,True,5,,OK,2026-09-26,Screener 2026-09-26,427.65,53.34,31.59,23.29,16.19,Bullish (Uptrend),17.69,389.6,430.5,True,247,25.4,-7.73,2.06,11.6,38.34,56.85,64.83,235.33,67.81,52.58,22.84,1,-10.17,WEAKENING,WEAKENING,7.1,False,False,True,,True,,True,False
TATAPOWER,Tata Power Co.,Screener: Integrated Power Utilities,,117428.73,True,10.53,True,2.29,True,5993.33,True,0.0,True,5,,OK,2026-09-26,Screener 2026-09-26,351.5,36.91,19.57,16.73,25.6,Bearish (Downtrend),-0.66,351.1,372.35,False,247,-7.29,6.6,-2.41,,-15.19,129.03,10.95,1400.86,5.63,29.99,4.49,5,4.17,IMPROVING,LEADING,-8.87,False,False,True,,True,,False,False
ADANIPOWER,Adani Power,Screener: Integrated Power Utilities,,390997.19,True,17.22,True,6.19,True,20513.65,True,1.81,True,5,,OK,2026-09-26,Screener 2026-09-26,201.0,46.65,17.96,14.65,27.0,Bearish (Downtrend),-2.33,198.0,207.5,False,247,-7.04,1.08,1.09,,21.27,368.51,41.98,4866.6,33.97,27.43,2.82,6,-1.36,IMPROVING,WEAKENING,-12.35,False,False,True,,True,,False,False
TORNTPOWER,Torrent Power,Screener: Integrated Power Utilities,,63219.74,True,13.66,True,4.21,True,5464.17,True,0.0,True,5,,OK,2026-09-26,Screener 2026-09-26,1234.2,41.13,18.69,16.78,25.13,Bearish (Downtrend),-2.83,1233.0,1253.0,False,247,-7.61,1.77,1.85,,-17.52,36.44,-12.66,661.85,2.75,27.2,2.32,7,-0.66,IMPROVING,WEAKENING,-8.35,False,False,True,,True,,False,False
NTPC,NTPC,Screener: Power Generation,,316693.12,True,8.92,True,2.9,True,50901.81,True,0.0,True,5,,OK,2026-09-26,Screener 2026-09-26,321.8,41.39,35.72,9.07,25.73,Bearish (Downtrend),-3.43,321.0,329.95,False,247,-6.3,1.19,3.23,,-20.43,277.32,11.82,6896.44,7.81,11.41,1.72,8,-1.24,IMPROVING,WEAKENING,-16.66,False,False,True,,True,,False,False
POWERGRID,Power Grid Corpn,Screener: Power - Transmission,,250651.27,True,9.1,True,2.7,True,40935.36,True,0.0,True,5,,OK,2026-09-26,Screener 2026-09-26,257.0,38.86,15.17,13.82,24.89,Bearish (Downtrend),-3.71,255.8,271.5,False,247,-5.89,1.2,-1.12,,-19.81,215.8,-0.89,3598.42,2.68,15.77,1.44,10,-1.24,IMPROVING,WEAKENING,-11.07,False,False,True,,True,,False,False
NAVA,Nava,Screener: Power Generation,CONGLOMERATE CONCERN: power generation plus ferro alloys and mining (Zambia).,15623.27,True,12.8,True,111.19,True,2312.33,True,0.0,True,5,,OK,2026-09-26,Screener 2026-09-26,556.7,50.11,16.9,23.08,14.11,Bullish (Uptrend),-3.73,552.65,565.0,False,247,-8.49,3.2,2.81,,-11.42,12.83,-9.95,332.82,1.56,20.64,1.42,11,0.77,IMPROVING,LEADING,8.97,False,False,True,,True,,False,False
ADANIENSOL,Adani Energy Sol,Screener: Power Distribution,,163692.46,True,9.65,True,2.0,True,10996.68,True,0.0,True,5,,OK,2026-09-26,Screener 2026-09-26,1353.4,42.77,28.48,18.23,25.09,Bearish (Downtrend),-10.36,1348.0,1383.4,False,247,-6.45,-3.59,-1.95,,35.07,283.35,124.22,1236.56,42.41,56.08,-5.21,14,-6.02,LAGGING,LAGGING,-6.86,False,False,True,,True,,False,False
NLCINDIA,NLC India,Screener: Power Generation,,36406.14,True,8.42,True,4.01,True,5166.07,True,0.0,True,5,,OK,2026-09-26,Screener 2026-09-26,252.45,34.92,24.99,12.96,26.48,Bearish (Downtrend),-11.78,251.65,252.9,False,247,-15.66,1.95,-2.28,,-13.65,46.35,-39.28,436.33,23.29,11.35,-6.63,16,-0.48,IMPROVING,LAGGING,-13.52,False,False,True,,True,,False,False
CESC,CESC,Screener: Integrated Power Utilities,,18539.43,True,10.88,True,2.64,True,4057.49,True,0.0,True,5,,OK,2026-09-26,Screener 2026-09-26,133.73,27.55,26.27,16.94,35.3,Bearish (Downtrend),-14.73,132.5,153.42,False,247,-14.61,-1.38,-1.71,,-15.29,20.81,3.88,419.0,5.44,11.93,-9.58,20,-3.82,LAGGING,LAGGING,-18.36,False,False,True,,True,,False,False
NTPCGREEN,NTPC Green Ene.,Screener: Power Generation,,78760.9,True,3.56,False,1.76,True,2386.2,True,0.0,True,4,ROCE > 6%,OK,2026-09-26,Screener 2026-09-26,90.09,47.44,19.25,21.58,18.8,Bullish (Uptrend),1.04,90.02,91.1,False,247,-8.4,9.1,5.54,532.7,-21.2,21.16,38.26,304.84,62.72,129.76,6.19,4,6.66,LEADING,LEADING,2.78,False,True,False,,True,ROCE > 6%,True,False
NHPC,NHPC Ltd,Screener: Power Generation,,76342.26,True,5.75,False,3.22,True,3293.62,True,0.0,True,4,ROCE > 6%,OK,2026-09-26,Screener 2026-09-26,72.0,30.98,18.29,11.08,31.37,Bearish (Downtrend),-3.59,71.82,77.31,False,247,2.88,-7.16,-2.63,,-10.58,67.73,2.9,1178.09,18.5,20.11,1.56,9,-9.59,LAGGING,WEAKENING,-20.29,False,False,False,,True,ROCE > 6%,False,False
JSWENERGY,JSW Energy,Screener: Power Generation,,92875.07,True,8.16,True,1.29,False,9898.31,True,13.28,True,4,Interest coverage > 1.5,OK,2026-09-26,Screener 2026-09-26,491.8,36.23,21.13,12.98,32.98,Bearish (Downtrend),-3.92,489.1,493.4,False,247,-7.83,0.56,-2.7,,0.57,89.11,-36.62,532.7,1.24,46.3,1.23,12,-1.87,IMPROVING,WEAKENING,-20.0,False,False,False,,False,,False,False
JPPOWER,JP Power Ven.,Screener: Power Generation,,10876.44,True,6.97,True,3.32,True,1300.99,True,72.99,False,4,Pledged percentage < 15%,OK,2026-09-26,Screener 2026-09-26,14.91,32.76,15.44,20.34,28.24,Bearish (Downtrend),-9.47,14.62,15.83,False,247,-12.69,2.74,0.81,,-1.36,57.25,138.18,468.84,12.16,13.03,-4.33,13,0.3,IMPROVING,IMPROVING,-7.9,False,False,False,,False,,False,False
ADANIGREEN,Adani Green,Screener: Power Generation,,213572.86,True,7.39,True,1.29,False,10135.0,True,0.0,True,4,Interest coverage > 1.5,OK,2026-09-26,Screener 2026-09-26,1284.0,47.96,13.67,19.48,20.33,Bearish (Downtrend),-10.88,1281.1,1305.0,False,247,-12.06,-0.5,0.02,,41.19,220.24,16.89,983.0,16.61,110.15,-5.73,15,-2.94,LAGGING,LAGGING,-0.85,True,False,False,,False,,False,False
KPIGREEN,KPI Green Energy,Screener: Power Generation,,6715.91,True,13.85,True,3.99,True,424.07,True,44.74,False,4,Pledged percentage < 15%,OK,2026-09-26,Screener 2026-09-26,321.85,47.93,45.39,30.05,23.42,Bullish (Uptrend),-13.89,317.0,323.65,False,247,-29.74,22.36,16.95,,-32.36,24.13,-17.64,94.63,15.08,14.73,-8.74,17,19.93,IMPROVING,IMPROVING,6.63,False,False,False,,False,,False,False
SJVN,SJVN,Screener: Power Generation,,24270.42,True,5.73,False,1.76,True,1859.66,True,0.0,True,4,ROCE > 6%,OK,2026-09-26,Screener 2026-09-26,57.16,16.16,34.85,8.36,38.0,Bearish (Downtrend),-14.09,56.73,67.51,False,247,-10.32,-3.21,-6.81,,-15.89,11.12,-1.25,224.74,51.98,37.97,-8.94,18,-5.65,LAGGING,LAGGING,-29.64,False,False,False,,True,ROCE > 6%,False,False
RPOWER,Reliance Power,Screener: Power Generation,,8507.28,True,6.11,True,1.17,False,2824.36,True,0.0,True,4,Interest coverage > 1.5,OK,2026-09-26,Screener 2026-09-26,20.09,35.31,18.0,18.89,28.28,Bearish (Downtrend),-14.16,19.8,22.9,False,247,-19.05,0.61,-1.12,,-12.27,38.76,44.83,64.71,3.75,2369.72,-9.01,19,-1.83,IMPROVING,LAGGING,-9.39,False,False,False,,False,,False,False
CLEANMAX,Clean Max Enviro,Screener: Power Generation,,16379.72,True,6.16,True,1.31,False,1731.24,True,20.02,False,3,Interest coverage > 1.5; Pledged percentage < 15%,OK,2026-09-26,Screener 2026-09-26,1303.3,46.09,15.07,18.48,19.81,Bearish (Downtrend),9.5,1265.0,1334.4,False,146,1.49,5.9,5.67,59.7,40.69,21.42,441.69,55.18,106.83,104.43,14.65,2,3.46,LEADING,LEADING,-1.33,True,True,False,,False,,False,False
GMRP&UI,GMR Urban,Screener: Power Generation,,8019.49,True,11.96,True,0.94,False,1259.98,True,59.96,False,3,Interest coverage > 1.5; Pledged percentage < 15%,OK,2026-09-26,Screener 2026-09-26,100.85,56.5,19.25,23.85,12.07,Bullish (Uptrend),6.91,100.59,101.47,True,247,-9.23,16.51,13.06,189.0,-18.26,9.05,48.83,-35.38,3.44,,12.06,3,14.07,LEADING,LEADING,11.78,False,True,False,,False,,False,False
JNPR,Juniper Green,Screener: Power Generation,,15138.2,True,3.3,False,1.09,False,469.99,True,0.0,True,3,ROCE > 6%; Interest coverage > 1.5,OK,2026-09-26,Screener 2026-09-26,271.3,54.9,16.58,21.68,14.32,Bullish (Uptrend),11.87,251.7,275.52,True,41,,,6.12,51.6,,26.58,54.22,33.45,81.24,573.85,,,,,,7.36,False,True,False,,False,ROCE > 6%,False,False
VEDPOWER,Vedanta Power,Screener: Power Generation,,12884.73,True,,False,1.08,False,,False,0.0,True,2,ROCE > 6% (missing); Interest coverage > 1.5; Cash from operations last year > 0 (Rs Cr) (missing),OK,2026-09-26,Screener 2026-09-26,31.87,42.06,20.39,18.59,21.64,Bearish (Downtrend),-19.66,31.56,34.82,False,78,-20.77,-0.06,6.05,,,59.7,-27.27,-423.0,31.27,20.98,-14.51,21,-2.5,LAGGING,LAGGING,-3.05,False,False,False,,False,ROCE > 6%; Cash from operations last year > 0 (Rs Cr),False,False
