symbol,observations,alpha_annual_pct,alpha_t,beta,beta_se,r_squared,total_vol_pct,systematic_vol_pct,unsystematic_vol_pct,explained_risk_pct,unexplained_risk_pct
WELCORP,245,131.67,3.29,1.262,0.177,0.174,43.24,18.01,39.31,17.4,82.6
RPEL,245,119.59,2.48,1.645,0.213,0.197,52.84,23.48,47.34,19.7,80.3
SBCL,245,94.92,1.8,1.443,0.233,0.137,55.73,20.59,51.79,13.7,86.3
AEROFLEX,245,139.95,2.54,1.892,0.244,0.199,60.6,27.01,54.25,19.9,80.1
TDPOWERSYS,245,110.78,2.07,1.175,0.236,0.092,55.13,16.77,52.52,9.2,90.8
RAMRAT,245,77.27,1.95,1.289,0.175,0.182,43.08,18.4,38.95,18.2,81.8
APARINDS,245,90.79,2.09,1.369,0.192,0.173,47.04,19.54,42.79,17.3,82.7
ACMESOLAR,245,48.76,1.29,0.393,0.167,0.022,37.58,5.61,37.16,2.2,97.8
PORTFOLIO,245,98.74,4.78,1.264,0.091,0.441,27.18,18.04,20.33,44.1,55.9
