symbol,observations,beta_market,t_market,beta_crude,t_crude,beta_gsec,t_gsec,r2_single_index,r2_multifactor,adj_r2_single_index,adj_r2_multifactor,r2_gain_pp
WELCORP,246,1.255,6.35,0.004,0.09,0.376,0.47,0.179,0.18,0.176,0.17,0.08
RPEL,246,1.529,6.54,0.014,0.26,1.385,1.47,0.204,0.211,0.201,0.201,0.73
SBCL,246,1.451,5.67,0.024,0.39,0.354,0.34,0.145,0.146,0.141,0.135,0.1
AEROFLEX,246,1.851,6.99,-0.167,-2.63,-0.127,-0.12,0.213,0.235,0.21,0.226,2.2
TDPOWERSYS,246,1.211,4.66,0.013,0.21,-0.156,-0.15,0.097,0.097,0.093,0.086,0.02
RAMRAT,246,1.278,6.55,0.068,1.46,0.418,0.53,0.178,0.186,0.175,0.176,0.83
APARINDS,246,1.39,6.55,-0.029,-0.57,-0.612,-0.71,0.171,0.174,0.168,0.164,0.3
ACMESOLAR,246,0.416,2.24,0.009,0.21,0.431,0.57,0.03,0.031,0.026,0.019,0.15
PORTFOLIO,246,1.255,12.48,-0.001,-0.05,0.273,0.67,0.455,0.456,0.453,0.449,0.1
