symbol,price,stop_loss_price,downside_to_stop_pct,upside_1sd_3m_pct,first_hurdle_resistance,first_hurdle_above_pct,upside_pct,reward_risk,capm_3m_pct,capm_reward_risk,value_inr,upside_inr,downside_inr
WELCORP,2832.4,2177.84,23.11,21.32,2836.0,0.13,21.32,0.92,3.28,0.14,1342557.6,286166,310265
RPEL,1699.5,1213.26,28.61,26.48,1700.0,0.03,26.48,0.93,3.97,0.14,1085980.5,287513,310699
SBCL,1154.5,857.72,25.71,27.91,1155.9,0.12,27.91,1.09,3.57,0.14,1231851.5,343871,316709
AEROFLEX,525.7,390.73,25.67,30.16,542.0,3.1,30.16,1.17,4.32,0.17,893164.3,269378,229275
TDPOWERSYS,751.55,567.76,24.45,27.41,765.0,1.79,27.41,1.12,3.19,0.13,1098766.1,301227,268648
RAMRAT,570.0,442.93,22.29,21.5,580.5,1.84,21.5,0.96,3.37,0.15,1388520.0,298601,309501
APARINDS,17776.0,13784.03,22.46,23.38,18132.0,2.0,23.38,1.04,3.47,0.15,1190992.0,278394,267497
ACMESOLAR,442.9,344.72,22.17,18.95,464.45,4.87,18.95,0.85,1.89,0.09,1454926.5,275636,322557
PORTFOLIO (all stocks at once),,,24.11,,,,24.16,1.0,3.32,0.14,9686758.5,2340786,2335151
PORTFOLIO (diversified),,,24.11,13.51,,,13.51,0.56,3.32,0.14,9686758.5,1308681,2335151
