selection_rank,symbol,company_name,sector,locked,rule_pick,why_not_picked,rs_6m_skip1m,rs_score_vs_nifty500,di_gap,latest_adx,rrg_quadrant_vs_nifty500,rrg_quadrant_vs_sector,conviction,soft_fundamental_fails,median_turnover_cr,qtr_net_profit,qtr_profit_yoy,qtr_sales_yoy,pe,business_focus_note
1,RPEL,Raghav Product.,Capital Goods,True,True,,189.68,45.52,13.98,28.9,LEADING,LEADING,High,,10.01,19.57,67.55,48.72,124.49,"KEPT (borderline): ramming mass, the refractory lining of induction furnaces, sold to secondary steel makers (mostly TMT for construction). An industrial consumable, not equipment; NSE classes it Capital Goods > Industrial Products > Electrodes & Refractories."
2,UNIVCABLES,Universal Cables,Capital Goods,False,True,,131.37,53.57,8.79,18.02,LEADING,LEADING,High,,17.29,70.14,108.75,57.46,25.91,
3,AEROFLEX,Aeroflex,Capital Goods,True,True,,103.41,40.6,9.52,22.94,LEADING,LEADING,High,,52.82,18.79,162.06,72.39,103.6,"FIT: stainless-steel metallic flexible hoses, bellows and flow assemblies for industrial, oil & gas, HVAC and process plants (Sat Industries group)."
4,RRKABEL,R R Kabel,Capital Goods,False,True,,85.23,32.34,15.96,26.64,LEADING,LEADING,High,,94.76,205.2,117.32,53.9,46.76,"Wires and cables are most of revenue, with a smaller consumer-electricals segment."
5,MTARTECH,MTAR Technologie,Capital Goods,False,True,,79.64,15.15,14.1,16.95,LEADING,LEADING,High,,75.78,50.5,349.69,130.37,154.59,
6,RAMRAT,Ram Ratna Wires,Capital Goods,True,True,,73.99,63.68,28.05,32.53,LEADING,LEADING,High,OPM > 8%; Cash from operations last year > 0 (Rs Cr),11.4,35.16,127.75,88.63,41.11,"FIT: enamelled copper winding wires, the windings of motors, transformers and generators (2nd largest in South Asia); electrical-equipment supply chain. Soft exceptions: OPM, operating cash flow."
7,APARINDS,Apar Inds.,Capital Goods,True,True,,69.01,32.28,4.55,20.81,LEADING,LEADING,High,,213.83,467.45,77.8,29.13,61.75,"FIT: power-transmission conductors (~51%, world's largest aluminium conductor maker), transformer and speciality oils, power and telecom cables; Nifty Capital Goods member."
8,AZAD,Azad Engineering,Capital Goods,False,True,,67.91,39.59,20.59,23.49,LEADING,LEADING,High,Cash from operations last year > 0 (Rs Cr),119.0,35.16,20.29,25.9,126.76,
9,BHEL,B H E L,Capital Goods,False,True,,62.98,25.06,15.01,17.12,LEADING,LEADING,High,,308.61,376.71,182.7,40.29,59.97,
10,TDPOWERSYS,TD Power Systems,Capital Goods,True,True,,56.31,50.61,19.95,30.53,LEADING,LEADING,High,,137.03,86.29,72.34,72.1,85.74,"FIT: AC generators (steam, gas, hydro, wind turbine generators up to 250 MVA) and electric and traction motors; power-generation equipment."
11,QPOWER,Quality Power El,Capital Goods,True,True,,52.32,53.66,13.78,23.99,LEADING,LEADING,High,,28.09,46.72,49.59,31.66,88.18,"FIT: high-voltage grid equipment (reactors, HVDC/FACTS components) for power transmission and energy transition."
12,FINCABLES,Finolex Cables,Capital Goods,True,True,,48.52,45.64,13.08,42.0,LEADING,LEADING,High,,69.83,249.04,53.14,44.26,27.92,FIT: electrical and communication cables are most of revenue; a small consumer-electricals (FMEG) line. Nifty Capital Goods member.
13,ATLANTAELE,Atlanta Electric,Capital Goods,False,True,,45.46,18.11,16.71,21.78,LEADING,LEADING,High,,18.19,46.84,50.42,47.99,57.28,
14,ACMESOLAR,ACME Solar Hold.,Power,True,True,,35.27,27.06,11.57,31.36,WEAKENING,WEAKENING,Low,,56.85,235.33,64.83,67.81,52.58,"FIT: renewable independent power producer (solar, wind, hybrid, firm power), 25-year PPAs."
15,GRINDWELL,Grindwell Norton,Capital Goods,True,True,,31.2,4.96,15.44,24.6,LEADING,IMPROVING,Moderate,,5.44,115.31,22.3,14.19,50.06,"FIT: abrasives and performance ceramics for manufacturing (Saint-Gobain subsidiary), like CARBORUNIV; small plastics and IT-services lines."
16,ENGINERSIN,Engineers India,Capital Goods,True,False,ranked below the top 15,29.53,34.35,16.62,42.37,LEADING,LEADING,High,,57.21,157.94,141.5,-5.8,22.62,"FIT: engineering consultancy and turnkey (LSTK) EPC for refineries, petrochemicals, fertilisers and infrastructure; Screener: Construction > Civil Construction (EPC)."
17,ACE,Action Const.Eq.,Capital Goods,True,False,ranked below the top 15,29.05,30.44,8.47,28.72,LEADING,WEAKENING,Moderate,,33.15,119.49,22.28,20.49,33.44,"FIT: cranes, construction and material-handling equipment ~92% of FY25 revenue; agri equipment (incl. tractors) ~8%."
18,CGPOWER,CG Power & Ind,Capital Goods,False,False,ranked below the top 15,20.55,5.15,5.52,11.84,LEADING,IMPROVING,Moderate,,207.86,308.28,16.26,13.99,109.68,
19,HONAUT,Honeywell Auto,Capital Goods,False,False,ranked below the top 15,20.11,-6.44,4.85,16.6,LAGGING,LAGGING,Low,,9.74,150.7,20.95,1.8,53.52,
20,USHAMART,Usha Martin,Capital Goods,False,False,ranked below the top 15,16.09,6.87,4.87,13.21,LEADING,LAGGING,Moderate,,21.13,142.04,40.67,16.44,29.01,"FIT: steel wire ropes, strands and wires for mining, cranes, oil & gas, bridges and elevators; Nifty Capital Goods member."
21,POWERMECH,Power Mech Proj.,Capital Goods,False,False,ranked below the top 15,15.69,-1.44,3.11,14.53,IMPROVING,IMPROVING,Moderate,,12.16,89.33,51.9,25.53,19.45,
22,TEXRAIL,Texmaco Rail,Capital Goods,False,False,ranked below the top 15,15.67,3.82,6.25,29.76,LEADING,IMPROVING,Moderate,,18.27,50.08,66.86,-16.9,23.55,"FIT: railway wagons and rolling stock, rail EPC, hydro-mechanical equipment, bridges and steel structures."
23,CARBORUNIV,Carborundum Uni.,Capital Goods,True,False,ranked below the top 15,15.17,19.77,20.3,33.94,LEADING,LEADING,High,,23.15,80.34,23.44,17.03,97.12,"FIT: abrasives (~44%), technical ceramics and refractories (wear linings for mining, power, steel) and electrominerals; industrial consumables and engineered materials for manufacturing. Nifty Capital Goods member."
24,GMMPFAUDLR,GMM Pfaudler,Capital Goods,False,False,ranked below the top 15,15.09,90.78,12.69,61.85,LEADING,LEADING,High,,17.89,22.1,114.35,16.39,53.72,"FIT (capex, not infrastructure): glass-lined reactors and process equipment (mixing, filtration, drying) for chemical and pharmaceutical plants; ~50% domestic share. Demand follows the chemical/pharma capex cycle rather than public infrastructure."
25,CEIGALL,Ceigall India,Capital Goods,False,False,ranked below the top 15,14.8,4.24,9.37,39.32,LEADING,LAGGING,Moderate,Cash from operations last year > 0 (Rs Cr),11.07,63.75,18.23,15.68,20.81,
26,ENRIN,Siemens Ener.Ind,Capital Goods,False,False,ranked below the top 15,9.74,3.17,7.55,14.46,LEADING,IMPROVING,Moderate,,111.2,440.9,67.83,39.28,77.29,"FIT: Siemens Energy India, power generation and transmission equipment; Nifty Capital Goods member."
27,GRAPHITE,Graphite India,Capital Goods,False,False,ranked below the top 15,2.04,46.03,16.12,32.5,LEADING,LEADING,High,ROCE > 8%; OPM > 8%,72.35,171.0,28.36,26.62,73.18,"KEPT (borderline): graphite electrodes for electric-arc steel furnaces (~40% exported), plus carbon products and impervious graphite equipment. Like RPEL, a steel-making consumable that NSE classes as Capital Goods > Electrodes & Refractories."
28,RITES,Rites,Capital Goods,False,False,ranked below the top 15,1.01,-8.57,6.85,22.48,LAGGING,LAGGING,Low,,8.69,97.78,8.88,8.67,22.95,
29,MAHSEAMLES,Mah. Seamless,Capital Goods,False,False,ranked below the top 15,0.0,18.75,9.87,42.6,LEADING,LEADING,High,,11.8,266.4,15.67,-4.72,12.98,"FIT: seamless and ERW steel pipes (55% share of Indian seamless pipes) for oil & gas (about 42% of the order book), boilers, power and engineering; small renewable power and rig businesses. Dependent on oil & gas capex."
30,RHIM,RHI Magnesita,Capital Goods,False,False,ranked below the top 15,-9.48,2.18,4.27,19.22,LEADING,IMPROVING,Moderate,ROCE > 8%,13.06,64.61,83.19,5.59,42.62,
31,WAAREERTL,Waaree Renewab.,Capital Goods,False,False,ranked below the top 15,-11.81,-13.32,2.15,20.19,IMPROVING,LAGGING,Moderate,,9.27,114.49,32.3,34.53,17.03,
32,NTPCGREEN,NTPC Green Ene.,Power,False,False,ranked below the top 15,-19.79,2.25,2.71,18.37,LEADING,LEADING,High,ROCE > 6%,20.93,304.84,38.26,62.72,129.76,
33,IRB,IRB Infra.Devl.,Capital Goods,False,False,ranked below the top 15,-20.83,-7.9,2.1,22.26,LAGGING,LAGGING,Low,ROCE > 8%,14.32,306.27,51.26,1.82,21.71,
34,TRANSRAILL,Transrail Light,Capital Goods,False,False,ranked below the top 15,-23.51,0.3,15.63,35.29,LEADING,IMPROVING,Moderate,,15.05,107.88,1.95,4.59,15.08,
