sector,symbol,company_name,fundamentals_passed_count,criteria_total,fundamentals_clean,fundamentals_failed,technically_attractive,rs_score_vs_nifty500,rs_last_10d,recent_10day_contribution_pct,recent_spike_flag,trend_direction,latest_adx,latest_rsi,rs_score_vs_sector_avg,sector_rank,sector_size,next_results_date,results_date_status,results_within_30_days,prior_year_sep_qtr_results_date,clean_candidate,source_index,business_focus_note,market_cap,pass_market_cap,roce,pass_roce,opm,pass_opm,operating_cash_flow,pass_operating_cash_flow,debt_to_equity,pass_debt_to_equity,pledged_pct,pass_pledged_pct,fundamentals_status,fundamentals_as_of,pledged_as_of,current_price,plus_di,minus_di,nearest_support,nearest_resistance,price_sessions,rs_score_vs_nifty500_prev_avg,rs_momentum_vs_nifty500,rs_6m_skip1m,median_turnover_cr,qtr_profit_yoy,qtr_net_profit,qtr_sales_yoy,pe,rs_momentum_vs_sector,rrg_quadrant_vs_nifty500,rrg_quadrant_vs_sector,di_gap,thin_trend_flag,high_turnover_business_flag,hard_fundamentals_pass,soft_fundamental_fails,selection_eligible,full_standard_candidate,interest_coverage,pass_interest_coverage,q2_results_date,q2_results_basis,days_to_results,last_results_date
Capital Goods,GMMPFAUDLR,GMM Pfaudler,6,6,True,,True,94.56,11.25,11.9,False,Bullish (Uptrend),68.4,73.97,87.6,2.0,120,,not announced,,2025-11-06,True,Screener: Industrial Products,"FIT (capex, not infrastructure): glass-lined reactors and process equipment (mixing, filtration, drying) for chemical and pharmaceutical plants; ~50% domestic share. Demand follows the chemical/pharma capex cycle rather than public infrastructure.",6766.96,True,13.64,True,10.82,True,388.8,True,0.86,True,0.0,True,OK,2026-09-26,Screener 2026-09-26,1477.1,34.88,6.23,1155.8,1533.6,248,70.7,17.6,10.99,12.62,114.35,22.1,16.39,53.72,19.45,LEADING,LEADING,28.65,False,False,True,,True,True,,,2026-11-05,estimate,37.0,2026-08-05
Capital Goods,KENNAMET,Kennametal India,6,6,True,,False,38.69,-3.64,-9.4,False,Bearish (Downtrend),35.82,44.24,31.73,12.0,120,,not announced,,,False,Screener: Industrial Products,,9246.69,True,33.21,True,20.1,True,18.3,True,0.0,True,0.0,True,OK,2026-09-26,Screener 2026-09-26,4039.6,19.66,20.97,4012.5,4155.1,113,62.71,-22.01,,10.14,183.71,88.8,47.68,47.18,-20.16,WEAKENING,WEAKENING,-1.31,True,False,True,,False,False,,,,unknown,,
Capital Goods,SHANTIGEAR,Shanthi Gears,6,6,True,,False,37.85,-9.75,-25.8,False,Bearish (Downtrend),41.49,47.22,30.89,13.0,120,,not announced,,2025-10-24,False,Screener: Industrial Products,,5113.5,True,25.55,True,17.74,True,70.1,True,0.0,True,0.0,True,OK,2026-09-26,Screener 2026-09-26,601.65,24.07,25.65,520.0,637.45,248,57.67,-9.46,9.44,0.96,-56.59,9.85,-14.38,75.96,-7.62,WEAKENING,WEAKENING,-1.58,True,False,True,,False,False,,,2026-10-23,estimate,24.0,2026-07-29
Capital Goods,WELENT,Welspun Enterp,6,6,True,,True,26.32,2.58,9.8,False,Bullish (Uptrend),40.61,52.11,19.36,21.0,120,,not announced,,2025-11-11,True,Screener: Civil Construction,,10443.32,True,16.74,True,20.19,True,112.19,True,0.65,True,0.0,True,OK,2026-09-26,Screener 2026-09-26,744.3,25.6,16.46,674.7,745.0,248,39.11,-7.6,40.56,24.08,-26.82,56.36,-8.44,29.47,-5.75,WEAKENING,WEAKENING,9.14,False,False,True,,False,False,,,2026-11-10,estimate,42.0,2026-08-04
Capital Goods,MAHSEAMLES,Mah. Seamless,6,6,True,,True,25.47,4.63,18.2,False,Bullish (Uptrend),46.71,64.33,18.51,23.0,120,,not announced,,2025-11-04,True,Screener: Iron & Steel Products,"FIT: seamless and ERW steel pipes (55% share of Indian seamless pipes) for oil & gas (about 42% of the order book), boilers, power and engineering; small renewable power and rig businesses. Dependent on oil & gas capex.",9589.11,True,14.31,True,14.75,True,932.8,True,0.0,True,0.0,True,OK,2026-09-26,Screener 2026-09-26,721.85,26.11,10.67,644.0,724.0,248,13.01,4.96,4.59,8.85,15.67,266.4,-4.72,12.98,6.81,LEADING,LEADING,15.44,False,False,True,,True,True,,,2026-11-03,estimate,35.0,2026-08-07
Capital Goods,UNIVCABLES,Universal Cables,6,6,True,,False,22.99,5.28,23.0,False,Bearish (Downtrend),18.0,46.08,16.03,27.0,120,,not announced,,2025-11-12,False,Screener: Cables - Electricals,,5183.49,True,11.68,True,8.74,True,63.48,True,0.62,True,0.0,True,OK,2026-09-26,Screener 2026-09-26,1468.4,15.95,25.22,1387.0,1475.0,248,26.5,-4.77,140.8,15.95,108.75,70.14,57.46,25.91,-2.92,WEAKENING,WEAKENING,-9.27,False,False,True,,False,False,,,2026-11-11,estimate,43.0,2026-08-07
Capital Goods,LCL,Lohia Corp,6,6,True,,True,22.96,10.29,44.8,False,Bullish (Uptrend),22.14,57.42,,,120,,not announced,,,True,Screener: Industrial Products,,6283.01,True,43.77,True,18.67,True,325.16,True,0.34,True,0.0,True,OK,2026-09-26,Screener 2026-09-26,581.65,23.37,13.07,531.4,590.0,43,,,,33.87,295.78,66.26,59.51,25.32,,,,10.3,False,False,True,,False,False,,,,unknown,,2026-08-19
Capital Goods,TIIL,Technocraf.Inds.,6,6,True,,False,18.98,-4.79,-25.2,False,Bearish (Downtrend),23.69,38.36,12.01,29.0,120,,not announced,,2025-11-13,False,Screener: Iron & Steel Products,,6809.55,True,16.34,True,18.21,True,243.48,True,0.41,True,0.0,True,OK,2026-09-26,Screener 2026-09-26,2926.4,15.8,18.44,2912.1,3020.0,248,24.45,-6.63,40.08,7.1,68.38,137.75,27.2,20.05,-4.79,WEAKENING,WEAKENING,-2.64,False,False,True,,False,False,,,2026-11-12,estimate,44.0,2026-08-13
Capital Goods,RATNAMANI,Ratnamani Metals,6,6,True,,True,18.63,6.95,37.3,False,Bullish (Uptrend),28.78,59.59,11.67,30.0,120,,not announced,,2025-11-07,True,Screener: Iron & Steel Products,,19473.66,True,17.91,True,16.96,True,936.01,True,0.08,True,0.0,True,OK,2026-09-26,Screener 2026-09-26,2833.3,29.19,13.03,2556.0,2843.9,248,7.79,2.79,3.26,9.06,-37.67,107.02,-15.63,44.38,4.64,LEADING,LEADING,16.16,False,False,True,,False,True,,,2026-11-06,estimate,38.0,2026-08-07
Capital Goods,KANOHAR,Kanohar Elect.,6,6,True,,False,16.72,16.72,100.0,True,N/A (Insufficient History),,,,,120,,not announced,,,False,Screener: Heavy Electrical Equipment,,6830.26,True,54.32,True,27.64,True,25.84,True,0.1,True,0.0,True,OK,2026-09-26,Screener 2026-09-26,862.75,0.0,0.0,685.1,904.6,10,,,,529.36,,30.67,,52.57,,,,0.0,True,False,True,,False,False,,,,unknown,,
Capital Goods,TEXRAIL,Texmaco Rail,6,6,True,,True,16.61,15.19,91.5,True,Bullish (Uptrend),30.6,64.58,9.65,31.0,120,,not announced,,2025-11-11,False,Screener: Railway Wagons,"FIT: railway wagons and rolling stock, rail EPC, hydro-mechanical equipment, bridges and steel structures.",5113.07,True,11.15,True,8.91,True,362.67,True,0.38,True,0.0,True,OK,2026-09-26,Screener 2026-09-26,125.67,28.28,15.02,125.2,126.7,248,9.34,7.63,14.2,18.27,66.86,50.08,-16.9,23.55,9.48,LEADING,LEADING,13.26,False,False,True,,True,True,,,2026-11-10,estimate,42.0,2026-08-03
Capital Goods,AJAXENGG,Ajax Engineering,6,6,True,,True,13.97,3.4,24.3,False,Bullish (Uptrend),18.99,56.08,7.01,33.0,120,,not announced,,2025-11-13,True,Screener: Construction Vehicles,,6953.35,True,23.87,True,12.49,True,377.29,True,0.0,True,0.0,True,OK,2026-09-26,Screener 2026-09-26,591.65,22.17,11.11,590.6,593.4,248,4.58,6.28,14.22,2.99,5.14,55.6,1.73,30.21,8.13,LEADING,LEADING,11.06,False,False,True,,False,True,,,2026-11-12,estimate,44.0,2026-08-05
Capital Goods,INOXINDIA,Inox India,6,6,True,,False,13.06,5.57,42.6,False,Bearish (Downtrend),16.19,49.05,6.09,34.0,120,,not announced,,2025-11-05,False,Screener: Other Industrial Products,,19575.87,True,33.48,True,21.13,True,116.65,True,0.07,True,0.0,True,OK,2026-09-26,Screener 2026-09-26,2070.4,20.64,22.96,1930.8,2087.9,248,17.9,-5.73,62.09,41.3,-4.99,58.07,9.18,76.12,-3.88,WEAKENING,WEAKENING,-2.32,False,False,True,,False,False,,,2026-11-04,estimate,36.0,2026-08-03
Capital Goods,BALUFORGE,Balu Forge,6,6,True,,False,12.01,2.27,18.9,False,Bearish (Downtrend),24.5,43.39,5.05,36.0,120,,not announced,,2025-11-14,False,Screener: Castings & Forgings,,6152.14,True,22.72,True,26.56,True,31.7,True,0.1,True,1.37,True,OK,2026-09-26,Screener 2026-09-26,501.15,17.83,27.22,494.0,502.7,248,18.35,-7.49,38.36,32.97,15.89,66.09,28.95,22.96,-5.64,WEAKENING,WEAKENING,-9.39,False,False,True,,False,False,,,2026-11-13,estimate,45.0,2026-08-12
Capital Goods,SUPREMEIND,Supreme Inds.,6,6,True,,True,11.35,6.09,53.7,True,Bullish (Uptrend),14.74,47.49,4.38,38.0,120,,not announced,,2025-10-27,False,Screener: Plastic Products - Industrial,,45094.54,True,20.73,True,14.41,True,1224.77,True,0.01,True,0.0,True,OK,2026-09-26,Screener 2026-09-26,3445.8,22.36,19.74,3429.7,3459.0,248,-2.99,11.03,-14.64,55.55,38.76,280.72,4.16,43.68,12.88,LEADING,LEADING,2.62,False,False,True,,True,True,,,2026-10-26,estimate,27.0,2026-07-28
Capital Goods,VOLTAMP,Volt.Transform.,6,6,True,,False,11.32,1.94,17.1,False,Bearish (Downtrend),20.07,48.58,4.36,39.0,120,,not announced,,2025-11-08,False,Screener: Heavy Electrical Equipment,FIT: oil-filled power and distribution transformers (~96% products); power T&D equipment.,10834.42,True,23.5,True,15.96,True,139.71,True,0.0,True,0.0,True,OK,2026-09-26,Screener 2026-09-26,10624.0,19.46,19.49,10259.0,10647.0,248,11.6,-4.98,19.08,24.47,14.67,91.22,28.38,34.17,-3.13,WEAKENING,WEAKENING,-0.03,True,False,True,,False,False,,,2026-11-07,estimate,39.0,2026-07-31
Capital Goods,JINDALSAW,Jindal Saw,6,6,True,,False,11.08,-2.24,-20.2,False,Bearish (Downtrend),25.82,42.28,4.12,40.0,120,,not announced,,2025-10-17,False,Screener: Iron & Steel Products,,18257.96,True,10.43,True,10.58,True,1771.39,True,0.37,True,0.0,True,OK,2026-09-26,Screener 2026-09-26,277.7,12.95,25.68,275.7,278.95,248,29.1,-17.75,54.13,35.67,-75.43,90.79,9.0,27.94,-15.9,WEAKENING,WEAKENING,-12.73,False,False,True,,False,False,,,2026-10-16,estimate,17.0,2026-07-14
Capital Goods,RRKABEL,R R Kabel,6,6,True,,False,10.31,7.63,74.0,True,Bearish (Downtrend),29.71,48.95,3.35,43.0,120,,not announced,,2025-10-31,False,Screener: Cables - Electricals,"Wires and cables are most of revenue, with a smaller consumer-electricals segment.",28596.46,True,28.1,True,8.54,True,295.29,True,0.13,True,0.0,True,OK,2026-09-26,Screener 2026-09-26,2523.2,15.13,19.06,2516.5,2549.0,248,10.23,-5.11,106.18,92.83,117.32,205.2,53.9,46.76,-3.26,WEAKENING,WEAKENING,-3.93,False,False,True,,False,False,,,2026-10-30,estimate,31.0,2026-07-27
Capital Goods,KIRLOSENG,Kirloskar Oil,6,6,True,,True,6.97,19.33,277.3,True,Bullish (Uptrend),14.66,65.34,0.01,46.0,120,,not announced,,2025-11-11,False,"Screener: Compressors, Pumps & Diesel Engines",,31100.5,True,14.55,True,17.51,True,932.21,True,1.48,True,0.0,True,OK,2026-09-26,Screener 2026-09-26,2402.0,33.42,16.26,2212.9,2440.0,248,15.4,-21.98,42.93,87.33,-17.08,111.06,13.49,54.58,-20.13,WEAKENING,WEAKENING,17.16,False,False,True,,False,False,,,2026-11-10,estimate,42.0,2026-08-06
Capital Goods,USHAMART,Usha Martin,6,6,True,,True,5.61,5.56,99.1,True,Bullish (Uptrend),15.04,46.38,-1.35,48.0,120,,not announced,,2025-11-08,False,Screener: Iron & Steel Products,"FIT: steel wire ropes, strands and wires for mining, cranes, oil & gas, bridges and elevators; Nifty Capital Goods member.",15810.0,True,19.47,True,20.03,True,655.34,True,0.07,True,0.0,True,OK,2026-09-26,Screener 2026-09-26,498.9,24.31,23.65,486.1,518.0,248,-0.21,9.95,9.4,21.05,40.67,142.04,16.44,29.01,11.8,LEADING,IMPROVING,0.66,True,False,True,,False,False,,,2026-11-07,estimate,39.0,2026-07-27
Capital Goods,ASTRAL,Astral,6,6,True,,False,5.32,1.34,25.2,False,Bearish (Downtrend),23.42,36.23,-1.64,49.0,120,,not announced,,2025-11-05,False,Screener: Plastic Products - Industrial,,37584.16,True,19.22,True,16.33,True,1117.0,True,0.06,True,0.0,True,OK,2026-09-26,Screener 2026-09-26,1375.0,14.11,30.0,1372.8,1398.0,248,-6.35,6.92,-16.49,72.14,48.21,120.2,15.93,63.44,8.77,LEADING,IMPROVING,-15.89,False,False,True,,False,False,,,2026-11-04,estimate,36.0,2026-08-12
Capital Goods,KARAMTARA,Karamtara Engg.,6,6,True,,False,4.56,4.56,100.0,True,N/A (Insufficient History),,,,,120,,not announced,,,False,Screener: Heavy Electrical Equipment,,11543.78,True,23.41,True,11.6,True,675.15,True,0.91,True,0.0,True,OK,2026-09-26,Screener 2026-09-26,359.45,0.0,0.0,320.0,382.15,9,,,,211.03,51.57,58.99,34.23,50.31,,,,0.0,True,False,True,,False,False,,,,unknown,,
Capital Goods,BHEL,B H E L,6,6,True,,False,4.23,1.8,42.6,False,Bearish (Downtrend),18.38,45.1,-2.73,51.0,120,2026-10-14,announced,True,2025-10-29,False,Screener: Heavy Electrical Equipment,,145881.04,True,9.14,True,9.4,True,5837.38,True,0.31,True,0.0,True,OK,2026-09-26,Screener 2026-09-26,413.35,18.23,24.62,408.15,417.9,248,11.08,-6.8,54.87,308.61,182.7,376.71,40.29,59.97,-4.95,WEAKENING,LAGGING,-6.39,False,False,True,,False,False,,,2026-10-14,announced,15.0,2026-07-16
Capital Goods,HBLENGINE,HBL Engineering,6,6,True,,True,2.67,13.92,521.3,True,Bullish (Uptrend),32.66,68.25,-4.29,53.0,120,,not announced,,2025-11-08,False,Screener: Other Industrial Products,,22341.91,True,59.3,True,31.98,True,738.44,True,0.03,True,0.0,True,OK,2026-09-26,Screener 2026-09-26,808.3,34.66,13.9,807.15,810.3,248,-7.57,6.76,-8.42,63.12,-25.07,109.14,6.03,27.87,8.61,LEADING,IMPROVING,20.76,False,False,True,,False,False,,,2026-11-07,estimate,39.0,2026-08-08
Capital Goods,ELGIEQUIP,Elgi Equipments,6,6,True,,False,2.56,-1.14,-44.5,False,Bearish (Downtrend),12.01,42.51,-4.41,54.0,120,,not announced,,2025-11-12,False,"Screener: Compressors, Pumps & Diesel Engines",,19109.61,True,22.07,True,14.76,True,453.5,True,0.24,True,0.88,True,OK,2026-09-26,Screener 2026-09-26,594.85,17.56,19.97,590.9,607.0,248,1.88,0.47,19.49,19.32,27.0,103.3,22.56,41.19,2.32,LEADING,IMPROVING,-2.41,False,False,True,,False,False,,,2026-11-11,estimate,43.0,2026-08-13
Capital Goods,POWERICA,Powerica Ltd,6,6,True,,False,1.73,14.25,823.7,True,Bullish (Uptrend),11.15,61.15,-5.24,55.0,120,,not announced,,,False,Screener: Heavy Electrical Equipment,,7377.34,True,15.67,True,12.49,True,452.88,True,0.29,True,0.0,True,OK,2026-09-26,Screener 2026-09-26,599.75,21.46,17.18,538.0,605.0,123,16.91,-23.76,,9.63,28.14,64.43,26.66,26.24,-21.92,WEAKENING,LAGGING,4.28,False,False,True,,False,False,,,,unknown,,2026-08-07
Capital Goods,SKFINDUS,SKF India Indus.,6,6,True,,False,1.63,0.09,5.5,False,Bearish (Downtrend),24.44,43.54,-5.33,56.0,120,,not announced,,,False,Screener: Abrasives & Bearings,,14426.0,True,29.89,True,10.7,True,163.83,True,0.0,True,0.0,True,OK,2026-09-26,Screener 2026-09-26,2789.0,19.37,21.64,2781.6,2850.2,202,18.46,-15.64,28.89,10.51,-13.84,61.92,18.3,37.53,-13.79,WEAKENING,LAGGING,-2.27,False,False,True,,False,False,,,,unknown,,2026-08-11
Capital Goods,SKIPPER,Skipper,6,6,True,,False,1.53,3.06,200.0,True,Bearish (Downtrend),11.81,46.22,-5.43,57.0,120,,not announced,,2025-11-07,False,Screener: Heavy Electrical Equipment,,6224.54,True,23.52,True,10.44,True,277.38,True,0.63,True,0.0,True,OK,2026-09-26,Screener 2026-09-26,541.55,20.34,25.36,524.05,558.7,248,4.78,-0.07,43.72,37.82,26.44,56.47,4.46,27.45,1.78,WEAKENING,IMPROVING,-5.02,False,False,True,,False,False,,,2026-11-06,estimate,38.0,2026-08-11
Capital Goods,DEEDEV,DEE Development,6,6,True,,False,1.11,9.26,834.2,True,Bearish (Downtrend),12.65,49.0,-5.85,58.0,120,,not announced,,2025-11-04,False,Screener: Industrial Products,,5012.45,True,10.69,True,16.91,True,19.55,True,0.87,True,0.0,True,OK,2026-09-26,Screener 2026-09-26,653.5,22.85,24.3,633.0,654.2,248,-3.14,6.89,108.38,8.74,22.35,16.08,31.6,61.13,8.74,LEADING,IMPROVING,-1.45,True,False,True,,False,False,,,2026-11-03,estimate,35.0,2026-08-04
Capital Goods,ESABINDIA,Esab India,6,6,True,,False,0.77,-2.52,-327.3,False,Bearish (Downtrend),28.36,31.4,-6.19,59.0,120,2026-11-04,announced,False,2025-11-10,False,Screener: Other Industrial Products,,8507.72,True,64.68,True,18.38,True,180.69,True,0.01,True,0.0,True,OK,2026-09-26,Screener 2026-09-26,5510.0,12.27,24.84,5506.6,5550.0,248,2.27,-3.3,7.72,1.86,37.13,56.14,19.63,41.1,-1.45,WEAKENING,LAGGING,-12.57,False,False,True,,False,False,,,2026-11-04,announced,36.0,2026-08-11
Capital Goods,ABB,A B B,6,6,True,,False,0.39,-3.24,-830.8,False,Bearish (Downtrend),23.94,26.61,-6.58,61.0,120,2026-11-13,announced,False,2025-11-06,False,Screener: Heavy Electrical Equipment,,149448.38,True,29.93,True,13.97,True,1219.52,True,0.02,True,0.0,True,OK,2026-09-26,Screener 2026-09-26,6660.5,14.07,34.58,6653.0,6905.5,248,4.99,-2.8,11.32,145.87,8.03,362.3,21.03,96.97,-0.96,WEAKENING,LAGGING,-20.51,False,False,True,,False,False,,,2026-11-13,announced,45.0,2026-07-31
Capital Goods,ISGEC,ISGEC Heavy,6,6,True,,False,0.15,15.4,10266.7,True,Bullish (Uptrend),26.65,63.56,-6.81,62.0,120,,not announced,,2025-11-12,False,Screener: Civil Construction,,6548.17,True,11.22,True,8.32,True,764.97,True,0.35,True,0.0,True,OK,2026-09-26,Screener 2026-09-26,880.1,26.9,11.94,877.7,885.0,248,-13.99,11.31,-22.54,3.22,29.15,17.5,45.98,25.05,13.16,LEADING,IMPROVING,14.96,False,False,True,,False,False,,,2026-11-11,estimate,43.0,2026-08-11
Capital Goods,MTARTECH,MTAR Technologie,6,6,True,,False,-0.3,8.57,,False,Bullish (Uptrend),11.9,56.88,-7.26,64.0,120,,not announced,,2025-11-05,False,Screener: Other Electrical Equipment,,21224.12,True,15.15,True,21.06,True,191.66,True,0.46,True,3.52,True,OK,2026-09-26,Screener 2026-09-26,7426.0,28.05,21.54,6707.5,7519.0,248,2.72,-7.93,87.24,76.03,349.69,50.5,130.37,154.59,-6.09,LAGGING,LAGGING,6.51,False,False,True,,True,False,,,2026-11-04,estimate,36.0,2026-07-29
Cement,ULTRACEMCO,UltraTech Cem.,6,6,True,,False,-1.1,2.91,,False,Bearish (Downtrend),21.11,39.03,4.48,4.0,15,2026-10-19,announced,True,2025-10-18,False,Screener: Cement & Cement Products,,328714.62,True,12.66,True,19.17,True,15315.86,True,0.31,True,0.0,True,OK,2026-09-26,Screener 2026-09-26,10829.0,14.88,25.15,10790.0,11550.0,248,-3.27,2.75,-6.11,269.92,15.75,2603.72,15.85,38.11,2.05,IMPROVING,LEADING,-10.27,False,False,True,,False,False,,,2026-10-19,announced,20.0,2026-07-20
Capital Goods,INGERRAND,Ingersoll-Rand,6,6,True,,False,-2.32,-1.76,,False,Bearish (Downtrend),25.72,35.53,-9.28,66.0,120,,not announced,,2025-11-14,False,"Screener: Compressors, Pumps & Diesel Engines",,13364.63,True,57.11,True,23.99,True,273.66,True,0.01,True,0.0,True,OK,2026-09-26,Screener 2026-09-26,4195.0,14.14,22.69,4192.6,4200.0,248,9.2,-12.96,24.23,6.86,19.46,70.46,20.34,48.67,-11.11,LAGGING,LAGGING,-8.55,False,False,True,,False,False,,,2026-11-13,estimate,45.0,2026-08-13
Capital Goods,KIRLOSBROS,Kirl. Brothers,6,6,True,,False,-2.49,8.64,,False,Bullish (Uptrend),24.24,53.31,-9.45,67.0,120,,not announced,,2025-11-03,False,"Screener: Compressors, Pumps & Diesel Engines",,14070.47,True,20.35,True,11.75,True,334.22,True,0.1,True,0.0,True,OK,2026-09-26,Screener 2026-09-26,1848.3,26.47,19.56,1842.7,1859.0,248,2.75,-11.39,17.06,9.34,-0.46,67.6,12.86,34.76,-9.54,LAGGING,LAGGING,6.91,False,False,True,,False,False,,,2026-11-02,estimate,34.0,2026-07-31
Capital Goods,DBL,Dilip Buildcon,6,6,True,,False,-2.57,4.5,,False,Bullish (Uptrend),23.03,49.65,-9.53,68.0,120,,not announced,,2025-11-13,False,Screener: Civil Construction,,6700.04,True,13.09,True,19.15,True,1204.2,True,1.18,True,14.16,True,OK,2026-09-26,Screener 2026-09-26,410.9,24.49,19.96,410.0,425.0,248,-8.56,1.74,-9.18,4.5,-1.98,128.01,-9.26,11.99,3.59,IMPROVING,IMPROVING,4.53,False,False,True,,False,False,,,2026-11-12,estimate,44.0,2026-08-10
Capital Goods,TITAGARH,Titagarh Rail,6,6,True,,False,-3.64,2.65,,False,Bearish (Downtrend),12.48,44.06,-10.6,71.0,120,,not announced,,2025-11-13,False,Screener: Railway Wagons,,11078.26,True,10.92,True,10.73,True,322.43,True,0.25,True,0.06,True,OK,2026-09-26,Screener 2026-09-26,819.35,17.3,21.25,814.15,822.0,248,-1.22,-3.82,23.31,30.66,67.47,52.58,12.63,57.05,-1.98,LAGGING,LAGGING,-3.95,False,False,True,,False,False,,,2026-11-12,estimate,44.0,2026-08-12
Capital Goods,LT,Larsen & Toubro,6,6,True,,False,-4.02,-0.96,,False,Bearish (Downtrend),17.2,34.39,-10.98,72.0,120,,not announced,,2025-10-29,False,Screener: Civil Construction,,533324.42,True,14.57,True,12.5,True,16740.97,True,1.15,True,0.0,True,OK,2026-09-26,Screener 2026-09-26,3749.1,11.62,25.48,3744.3,3767.0,248,-4.14,-1.11,1.32,555.69,13.98,4988.03,6.69,30.27,0.74,LAGGING,IMPROVING,-13.86,False,False,True,,False,False,,,2026-10-28,estimate,29.0,2026-07-28
Capital Goods,ATLANTAELE,Atlanta Electric,6,6,True,,False,-4.69,0.12,,False,Bearish (Downtrend),21.76,42.96,-11.65,73.0,120,,not announced,,2025-10-17,False,Screener: Heavy Electrical Equipment,,12502.62,True,45.28,True,18.61,True,184.33,True,0.05,True,0.0,True,OK,2026-09-26,Screener 2026-09-26,1634.2,15.01,25.46,1631.6,1778.9,248,-4.08,-3.63,36.37,18.19,50.42,46.84,47.99,57.28,-1.79,LAGGING,LAGGING,-10.45,False,False,True,,False,False,,,2026-10-16,estimate,17.0,2026-07-21
Capital Goods,SKFINDIA,SKF India,6,6,True,,False,-4.85,2.04,,False,Bullish (Uptrend),21.36,43.87,-11.82,74.0,120,,not announced,,2025-11-14,False,Screener: Abrasives & Bearings,,7612.46,True,13.33,True,11.57,True,362.63,True,0.0,True,0.0,True,OK,2026-09-26,Screener 2026-09-26,1514.0,19.66,17.7,1508.0,1559.0,248,-6.06,0.36,-6.39,5.94,32.31,61.84,27.09,51.26,2.2,IMPROVING,IMPROVING,1.96,True,False,True,,False,False,,,2026-11-13,estimate,45.0,2026-08-12
Capital Goods,POWERINDIA,Hitachi Energy,6,6,True,,False,-5.89,1.5,,False,Bearish (Downtrend),18.16,43.09,-12.85,75.0,120,,not announced,,2025-11-03,False,Screener: Heavy Electrical Equipment,,138330.33,True,29.36,True,15.54,True,1244.83,True,0.02,True,0.0,True,OK,2026-09-26,Screener 2026-09-26,30735.0,17.51,28.32,30625.0,31875.0,248,-9.65,1.65,20.29,295.96,123.52,294.15,68.62,116.13,3.49,IMPROVING,IMPROVING,-10.81,False,False,True,,False,False,,,2026-11-02,estimate,34.0,2026-08-07
Capital Goods,CEMPRO,Cemindia Project,6,6,True,,False,-5.9,3.02,,False,Bearish (Downtrend),13.91,42.15,-12.86,76.0,120,,not announced,,2025-10-30,False,Screener: Civil Construction,,21597.14,True,32.76,True,10.35,True,499.78,True,0.42,True,0.0,True,OK,2026-09-26,Screener 2026-09-26,1223.3,19.64,23.16,1216.5,1257.4,248,5.18,-3.27,115.59,46.74,2.62,140.83,5.61,35.9,-1.42,LAGGING,LAGGING,-3.52,False,False,True,,False,False,,,2026-10-29,estimate,30.0,2026-07-28
Capital Goods,VIKRAMSOLR,Vikram Solar,6,6,True,,False,-6.06,-0.41,,False,Bullish (Uptrend),9.31,37.75,-13.02,77.0,120,,not announced,,2025-10-16,False,Screener: Other Electrical Equipment,,5808.9,True,30.56,True,15.3,True,666.94,True,0.19,True,9.24,True,OK,2026-09-26,Screener 2026-09-26,160.05,20.62,19.63,160.0,175.6,248,-21.94,11.87,-21.0,32.38,-85.17,19.78,37.89,16.1,13.72,IMPROVING,IMPROVING,0.99,True,False,True,,False,False,,,2026-10-15,estimate,16.0,2026-08-06
Capital Goods,EMMVEE,Emmvee Photovol.,6,6,True,,False,-6.25,-2.59,,False,Bearish (Downtrend),16.29,41.99,-13.22,79.0,120,,not announced,,2025-12-01,False,Screener: Other Electrical Equipment,,22286.59,True,44.62,True,34.64,True,200.14,True,0.1,True,0.0,True,OK,2026-09-26,Screener 2026-09-26,314.55,21.26,23.56,314.35,314.9,215,-0.85,-2.45,32.41,59.34,102.64,380.29,51.34,17.49,-0.6,LAGGING,LAGGING,-2.3,False,False,True,,False,False,,,2026-11-30,estimate,62.0,2026-07-15
Cement,JKCEMENT,J K Cements,6,6,True,,False,-6.5,4.06,,False,Bearish (Downtrend),26.97,37.35,-0.92,8.0,15,,not announced,,2025-11-01,False,Screener: Cement & Cement Products,,38634.13,True,15.1,True,16.21,True,1872.99,True,0.88,True,0.0,True,OK,2026-09-26,Screener 2026-09-26,4824.5,15.38,23.15,4822.5,5229.0,248,-2.74,-2.71,-11.32,18.89,-14.47,274.62,20.26,39.57,-3.41,LAGGING,LAGGING,-7.77,False,False,True,,False,False,,,2026-10-31,estimate,32.0,2026-07-18
Capital Goods,TIMKEN,Timken India,6,6,True,,False,-7.04,-0.39,,False,Bearish (Downtrend),13.58,42.57,-14.0,81.0,120,,not announced,,2025-11-03,False,Screener: Abrasives & Bearings,,24115.88,True,18.26,True,18.13,True,437.43,True,0.0,True,0.0,True,OK,2026-09-26,Screener 2026-09-26,3086.2,17.13,23.56,3080.2,3091.6,248,-11.07,3.25,-14.35,10.52,10.47,115.13,14.87,58.93,5.1,IMPROVING,IMPROVING,-6.43,False,False,True,,False,False,,,2026-11-02,estimate,34.0,2026-08-04
Capital Goods,ENRIN,Siemens Ener.Ind,6,6,True,,False,-7.74,7.3,,False,Bullish (Uptrend),13.11,47.49,-14.7,82.0,120,,not announced,,2025-11-24,False,Screener: Heavy Electrical Equipment,"FIT: Siemens Energy India, power generation and transmission equipment; Nifty Capital Goods member.",117982.72,True,67.75,True,21.45,True,3670.1,True,0.04,True,0.0,True,OK,2026-09-26,Screener 2026-09-26,3199.0,20.58,20.06,3192.0,3214.0,248,-11.71,2.33,7.46,112.62,67.83,440.9,39.28,77.29,4.18,IMPROVING,IMPROVING,0.52,True,False,True,,False,False,,,2026-11-23,estimate,55.0,2026-08-06
Capital Goods,CGPOWER,CG Power & Ind,6,6,True,,False,-7.76,1.68,,False,Bearish (Downtrend),13.5,41.97,-14.72,83.0,120,,not announced,,2025-10-29,False,Screener: Heavy Electrical Equipment,,139586.49,True,26.71,True,12.77,True,702.45,True,0.01,True,0.0,True,OK,2026-09-26,Screener 2026-09-26,858.05,19.59,26.92,858.0,872.35,248,-3.08,-1.81,18.88,210.76,16.26,308.28,13.99,109.68,0.03,LAGGING,IMPROVING,-7.33,False,False,True,,False,False,,,2026-10-28,estimate,29.0,2026-07-24
Capital Goods,POWERMECH,Power Mech Proj.,6,6,True,,False,-8.04,4.28,,False,Bullish (Uptrend),15.19,46.86,-15.0,84.0,120,,not announced,,2025-11-10,False,Screener: Civil Construction,,7610.99,True,21.7,True,10.94,True,387.45,True,0.26,True,0.0,True,OK,2026-09-26,Screener 2026-09-26,2397.2,23.01,21.33,2388.5,2414.4,248,-12.86,2.9,25.0,12.53,51.9,89.33,25.53,19.45,4.75,IMPROVING,IMPROVING,1.68,True,False,True,,False,False,,,2026-11-09,estimate,41.0,2026-08-08
Capital Goods,ELECON,Elecon Engg.Co,6,6,True,,False,-8.27,17.85,,False,Bullish (Uptrend),22.62,67.78,-15.24,85.0,120,,not announced,,2025-10-10,False,Screener: Heavy Electrical Equipment,,10283.13,True,20.86,True,20.95,True,314.22,True,0.12,True,0.0,True,OK,2026-09-26,Screener 2026-09-26,480.4,35.13,11.06,475.5,483.0,248,-23.8,14.51,0.27,15.29,-34.57,70.35,6.11,34.01,16.36,IMPROVING,IMPROVING,24.07,False,False,True,,False,False,,,2026-10-09,estimate,10.0,2026-07-10
Capital Goods,TRANSRAILL,Transrail Light,6,6,True,,False,-8.37,13.22,,False,Bullish (Uptrend),36.7,52.03,-15.33,86.0,120,,not announced,,2025-11-11,False,Screener: Heavy Electrical Equipment,,6299.96,True,33.56,True,11.79,True,642.92,True,0.3,True,0.0,True,OK,2026-09-26,Screener 2026-09-26,451.65,26.26,22.52,451.05,478.8,248,-15.39,8.05,-15.86,15.05,1.95,107.88,4.59,15.08,9.9,IMPROVING,IMPROVING,3.74,False,False,True,,True,False,,,2026-11-10,estimate,42.0,2026-08-06
Cement,STARCEMENT,Star Cement,6,6,True,,False,-9.3,-2.02,,False,Bearish (Downtrend),27.11,31.49,-3.72,10.0,15,,not announced,,2025-11-04,False,Screener: Cement & Cement Products,,7542.41,True,16.65,True,23.7,True,764.86,True,0.19,True,1.33,True,OK,2026-09-26,Screener 2026-09-26,178.1,13.76,36.68,175.2,196.34,248,-10.76,1.62,-19.57,3.52,-24.1,73.91,3.39,19.96,0.92,IMPROVING,IMPROVING,-22.92,False,False,True,,False,False,,,2026-11-03,estimate,35.0,2026-08-07
Cement,BIRLACORPN,Birla Corpn.,6,6,True,,False,-9.59,6.57,,False,Bearish (Downtrend),29.91,48.53,-4.01,11.0,15,,not announced,,2025-11-07,False,Screener: Cement & Cement Products,,6548.16,True,9.78,True,14.72,True,950.44,True,0.46,True,0.0,True,OK,2026-09-26,Screener 2026-09-26,849.9,15.07,20.71,832.1,895.0,248,-14.4,2.07,-11.77,4.84,-3.21,115.73,7.83,11.75,1.37,IMPROVING,IMPROVING,-5.64,False,False,True,,False,False,,,2026-11-06,estimate,38.0,2026-07-25
Capital Goods,SCHNEIDER,Schneider Elect.,6,6,True,,False,-9.64,1.64,,False,Bullish (Uptrend),11.03,44.83,-16.6,87.0,120,,not announced,,2025-11-07,False,Screener: Heavy Electrical Equipment,,28919.15,True,29.65,True,11.49,True,224.5,True,0.92,True,0.0,True,OK,2026-09-26,Screener 2026-09-26,1192.7,16.7,16.51,1185.0,1210.0,248,5.23,-15.04,24.97,35.16,-69.84,12.44,4.78,149.26,-13.19,LAGGING,LAGGING,0.19,True,False,True,,False,False,,,2026-11-06,estimate,38.0,2026-08-14
Capital Goods,FINPIPE,Finolex Inds.,6,6,True,,False,-9.66,1.56,,False,Bearish (Downtrend),27.2,36.91,-16.62,88.0,120,,not announced,,2025-11-07,False,Screener: Plastic Products - Industrial,,9565.27,True,11.83,True,17.5,True,191.75,True,0.07,True,0.0,True,OK,2026-09-26,Screener 2026-09-26,151.15,11.77,23.69,150.51,160.21,248,-10.71,-0.29,-10.72,5.84,16.67,114.52,-15.3,15.54,1.56,LAGGING,IMPROVING,-11.92,False,False,True,,False,False,,,2026-11-06,estimate,38.0,2026-08-06
Capital Goods,HONAUT,Honeywell Auto,6,6,True,,False,-9.94,2.82,,False,Bullish (Uptrend),18.82,40.89,-16.9,90.0,120,,not announced,,2025-11-05,False,Screener: Industrial Products,,29936.66,True,16.95,True,13.53,True,492.6,True,0.02,True,0.0,True,OK,2026-09-26,Screener 2026-09-26,33980.0,25.42,18.93,33875.0,34645.0,248,-6.08,-5.22,20.34,10.76,20.95,150.7,1.8,53.52,-3.37,LAGGING,LAGGING,6.49,False,False,True,,True,False,,,2026-11-04,estimate,36.0,2026-07-29
Capital Goods,KSB,KSB,6,6,True,,False,-9.94,6.35,,False,Bullish (Uptrend),11.81,53.94,-16.9,90.0,120,,not announced,,2025-11-11,False,"Screener: Compressors, Pumps & Diesel Engines",,14255.55,True,24.7,True,12.72,True,92.58,True,0.0,True,0.0,True,OK,2026-09-26,Screener 2026-09-26,824.8,24.43,14.69,822.55,827.35,248,-5.02,-6.64,-11.78,9.33,-18.75,57.2,3.6,54.4,-4.8,LAGGING,LAGGING,9.74,False,False,True,,False,False,,,2026-11-10,estimate,42.0,2026-08-04
Capital Goods,VESUVIUS,Vesuvius India,6,6,True,,False,-9.99,1.53,,False,Bullish (Uptrend),21.39,43.35,-16.95,92.0,120,,not announced,,2025-11-11,False,Screener: Electrodes & Refractories,,7897.2,True,21.34,True,16.7,True,177.46,True,0.01,True,0.0,True,OK,2026-09-26,Screener 2026-09-26,400.2,29.36,20.22,400.0,438.0,248,-9.79,-3.33,-20.5,2.84,-7.13,58.51,2.26,30.83,-1.48,LAGGING,LAGGING,9.14,False,False,True,,False,False,,,2026-11-10,estimate,42.0,2026-08-12
Capital Goods,KEI,KEI Industries,6,6,True,,False,-10.62,0.81,,False,Bearish (Downtrend),29.4,33.62,-17.58,94.0,120,,not announced,,2025-10-15,False,Screener: Cables - Electricals,,44678.94,True,20.05,True,11.07,True,839.95,True,0.04,True,0.0,True,OK,2026-09-26,Screener 2026-09-26,4461.0,14.65,29.12,4450.0,4480.7,248,-14.42,2.77,23.2,166.94,40.05,274.14,22.97,44.82,4.62,IMPROVING,IMPROVING,-14.47,False,False,True,,False,False,,,2026-10-14,estimate,15.0,2026-08-03
Capital Goods,CUMMINSIND,Cummins India,6,6,True,,False,-10.87,0.16,,False,Bearish (Downtrend),26.56,33.04,-17.83,95.0,120,2026-11-04,announced,False,2025-11-06,False,"Screener: Compressors, Pumps & Diesel Engines",,137075.4,True,39.5,True,20.44,True,1734.26,True,0.0,True,0.0,True,OK,2026-09-26,Screener 2026-09-26,4800.0,13.71,30.65,4795.0,4900.0,248,-11.81,1.97,0.04,197.15,2.54,609.3,17.86,56.19,3.82,IMPROVING,IMPROVING,-16.94,False,False,True,,False,False,,,2026-11-04,announced,36.0,2026-08-05
Cement,SHREECEM,Shree Cement,6,6,True,,False,-11.14,1.65,,False,Bearish (Downtrend),32.85,33.89,-5.56,12.0,15,2026-10-23,announced,True,2025-10-28,False,Screener: Cement & Cement Products,,81253.84,True,10.27,True,20.91,True,3794.07,True,0.08,True,0.0,True,OK,2026-09-26,Screener 2026-09-26,21900.0,15.8,33.01,21665.0,24140.0,248,-7.95,-2.52,-10.5,38.55,-17.66,531.12,18.03,49.85,-3.22,LAGGING,LAGGING,-17.21,False,False,True,,False,False,,,2026-10-23,announced,24.0,2026-07-31
Capital Goods,GVT&D,GE Vernova T&D,6,6,True,,False,-11.26,-1.07,,False,Bearish (Downtrend),10.91,40.16,-18.22,96.0,120,,not announced,,2025-11-03,False,Screener: Heavy Electrical Equipment,,109589.4,True,77.44,True,26.17,True,1709.88,True,0.01,True,0.0,True,OK,2026-09-26,Screener 2026-09-26,4130.3,21.4,28.91,4115.6,4344.0,248,-7.37,-4.46,5.75,352.94,24.65,362.99,38.04,81.16,-2.62,LAGGING,LAGGING,-7.51,False,False,True,,False,False,,,2026-11-02,estimate,34.0,2026-08-05
Cement,JKLAKSHMI,JK Lakshmi Cem.,6,6,True,,False,-11.47,-1.25,,False,Bearish (Downtrend),18.81,31.36,-5.9,13.0,15,,not announced,,2025-11-06,False,Screener: Cement & Cement Products,,6335.71,True,12.0,True,13.68,True,1082.35,True,0.67,True,0.0,True,OK,2026-09-26,Screener 2026-09-26,490.15,16.7,28.42,482.05,536.0,248,-16.4,3.18,-21.73,5.93,-28.07,108.07,9.41,16.48,2.48,IMPROVING,IMPROVING,-11.72,False,False,True,,False,False,,,2026-11-05,estimate,37.0,2026-08-05
Capital Goods,POLYCAB,Polycab India,6,6,True,,False,-12.21,1.17,,False,Bearish (Downtrend),25.85,34.29,-19.18,97.0,120,,not announced,,2025-10-17,False,Screener: Cables - Electricals,,126713.13,True,33.21,True,13.74,True,3810.67,True,0.02,True,0.0,True,OK,2026-09-26,Screener 2026-09-26,8102.5,14.12,30.22,8072.0,8147.5,248,-14.25,2.04,17.65,247.18,32.46,796.66,39.01,44.24,3.88,IMPROVING,IMPROVING,-16.1,False,False,True,,False,False,,,2026-10-16,estimate,17.0,2026-07-16
Capital Goods,PREMIERENE,Premier Energies,6,6,True,,False,-12.9,-6.26,,False,Bearish (Downtrend),42.97,30.95,-19.86,99.0,120,,not announced,,2025-10-28,False,Screener: Other Electrical Equipment,,40692.21,True,32.71,True,30.04,True,1261.06,True,0.86,True,0.0,True,OK,2026-09-26,Screener 2026-09-26,870.0,8.98,30.66,868.4,876.0,248,-9.13,-2.67,1.03,96.57,50.45,471.92,35.25,24.44,-0.82,LAGGING,LAGGING,-21.68,False,False,True,,False,False,,,2026-10-27,estimate,28.0,2026-08-06
Capital Goods,WAAREEENER,Waaree Energies,6,6,True,,False,-12.92,-5.17,,False,Bearish (Downtrend),30.97,30.92,-19.89,100.0,120,,not announced,,2025-10-16,False,Screener: Other Electrical Equipment,,71769.01,True,38.45,True,21.14,True,1626.95,True,0.22,True,0.0,True,OK,2026-09-26,Screener 2026-09-26,2380.0,9.46,26.98,2261.0,2653.0,248,-16.61,2.72,-26.47,143.25,14.09,891.87,79.22,17.83,4.57,IMPROVING,IMPROVING,-17.52,False,False,True,,False,False,,,2026-10-15,estimate,16.0,2026-07-29
Capital Goods,RITES,Rites,6,6,True,,False,-13.16,-5.21,,False,Bearish (Downtrend),23.71,22.19,-20.12,101.0,120,,not announced,,2025-11-11,False,Screener: Civil Construction,,9578.91,True,23.05,True,22.57,True,327.48,True,0.0,True,0.0,True,OK,2026-09-26,Screener 2026-09-26,192.31,9.64,31.46,191.25,205.9,248,0.86,-4.4,3.88,8.69,8.88,97.78,8.67,22.95,-2.55,LAGGING,LAGGING,-21.82,False,False,True,,False,False,,,2026-11-10,estimate,42.0,2026-08-04
Capital Goods,JWL,Jupiter Wagons,6,6,True,,False,-13.25,-3.24,,False,Bearish (Downtrend),20.86,26.32,-20.21,102.0,120,,not announced,,2025-11-11,False,Screener: Railway Wagons,,9689.77,True,9.14,True,11.49,True,9.45,True,0.33,True,0.0,True,OK,2026-09-26,Screener 2026-09-26,219.82,10.94,27.67,218.45,251.92,248,-13.63,0.86,-15.93,15.29,-13.61,26.18,46.02,54.46,2.71,IMPROVING,IMPROVING,-16.73,False,False,True,,False,False,,,2026-11-10,estimate,42.0,2026-08-14
Cement,JSWCEMENT,JSW Cement,6,6,True,,False,-13.27,-2.0,,False,Bearish (Downtrend),38.05,24.62,-7.69,14.0,15,,not announced,,2025-11-07,False,Screener: Cement & Cement Products,,15742.77,True,11.07,True,17.76,True,1170.21,True,0.68,True,0.08,True,OK,2026-09-26,Screener 2026-09-26,112.58,10.3,30.73,112.55,123.9,248,-7.59,-4.31,-3.79,16.08,359.81,153.43,21.58,19.96,-5.01,LAGGING,LAGGING,-20.43,False,False,True,,False,False,,,2026-11-06,estimate,38.0,2026-08-13
Capital Goods,SHAKTIPUMP,Shakti Pumps,6,6,True,,False,-15.23,-1.74,,False,Bearish (Downtrend),14.96,37.58,-22.2,104.0,120,,not announced,,2025-11-07,False,"Screener: Compressors, Pumps & Diesel Engines",,5761.45,True,23.64,True,12.3,True,124.05,True,0.3,True,0.0,True,OK,2026-09-26,Screener 2026-09-26,458.0,19.03,23.99,456.35,515.5,248,-10.5,-6.72,-10.08,19.64,-46.72,51.59,37.94,27.13,-4.88,LAGGING,LAGGING,-4.96,False,False,True,,False,False,,,2026-11-06,estimate,38.0,2026-07-24
Capital Goods,TRITURBINE,Triveni Turbine,6,6,True,,False,-15.38,1.06,,False,Bearish (Downtrend),17.21,39.85,-22.34,105.0,120,,not announced,,2025-11-10,False,Screener: Heavy Electrical Equipment,,17617.93,True,34.12,True,18.95,True,110.95,True,0.02,True,0.0,True,OK,2026-09-26,Screener 2026-09-26,543.55,11.79,21.36,543.5,546.95,248,-15.53,-0.63,18.94,25.15,-20.78,51.1,19.23,50.75,1.21,LAGGING,IMPROVING,-9.57,False,False,True,,False,False,,,2026-11-09,estimate,41.0,2026-08-10
Capital Goods,WAAREERTL,Waaree Renewab.,6,6,True,,False,-16.65,3.52,,False,Bullish (Uptrend),24.69,39.14,-23.62,109.0,120,,not announced,,2025-10-10,False,Screener: Other Electrical Equipment,,8693.74,True,84.98,True,19.29,True,290.93,True,0.12,True,0.0,True,OK,2026-09-26,Screener 2026-09-26,821.4,22.12,18.26,810.1,871.9,248,-14.25,-1.21,-6.14,9.74,32.3,114.49,34.53,17.03,0.63,LAGGING,IMPROVING,3.86,False,False,True,,True,False,,,2026-10-09,estimate,10.0,2026-07-22
Capital Goods,AIAENG,AIA Engineering,6,6,True,,False,-18.85,0.04,,False,Bearish (Downtrend),25.01,31.14,-25.81,110.0,120,,not announced,,2025-11-07,False,Screener: Castings & Forgings,,36575.99,True,21.12,True,27.65,True,591.5,True,0.0,True,0.0,True,OK,2026-09-26,Screener 2026-09-26,3835.7,13.65,26.82,3811.6,3851.0,248,-8.18,-10.26,11.9,21.42,-1.28,300.99,12.42,28.83,-8.41,LAGGING,LAGGING,-13.17,False,False,True,,False,False,,,2026-11-06,estimate,38.0,2026-08-12
Capital Goods,KIRLPNU,Kirl.Pneumatic,6,6,True,,False,-27.22,-0.29,,False,Bearish (Downtrend),23.3,35.99,-34.18,115.0,120,,not announced,,2025-10-28,False,"Screener: Compressors, Pumps & Diesel Engines",,8990.26,True,30.3,True,20.77,True,227.65,True,0.0,True,0.0,True,OK,2026-09-26,Screener 2026-09-26,684.4,13.13,27.47,676.55,685.5,248,-12.08,-13.67,22.12,15.14,21.35,34.1,10.4,32.91,-11.82,LAGGING,LAGGING,-14.34,False,False,True,,False,False,,,2026-10-27,estimate,28.0,2026-07-21
Capital Goods,SUZLON,Suzlon Energy,6,6,True,,False,-27.93,-6.25,,False,Bearish (Downtrend),41.48,20.75,-34.9,116.0,120,,not announced,,2025-11-04,False,Screener: Heavy Electrical Equipment,,55634.99,True,34.15,True,17.32,True,1202.06,True,0.06,True,0.0,True,OK,2026-09-26,Screener 2026-09-26,39.5,10.25,37.87,39.13,43.54,248,-20.75,-6.54,1.15,237.74,-5.89,305.22,22.27,17.69,-4.7,LAGGING,LAGGING,-27.62,False,False,True,,False,False,,,2026-11-03,estimate,35.0,2026-07-28
Capital Goods,THERMAX,Thermax,6,6,True,,False,-31.36,-5.87,,False,Bearish (Downtrend),55.34,22.13,-38.32,117.0,120,,not announced,,2025-11-11,False,Screener: Heavy Electrical Equipment,,41075.56,True,13.94,True,8.02,True,541.55,True,0.42,True,0.0,True,OK,2026-09-26,Screener 2026-09-26,3291.0,5.3,32.07,3269.1,3316.0,248,-23.96,-5.4,11.84,58.72,-83.44,21.79,6.73,74.63,-3.55,LAGGING,LAGGING,-26.77,False,False,True,,False,False,,,2026-11-10,estimate,42.0,2026-07-30
Capital Goods,MANINDS,Man Industries,5,6,False,Pledged percentage < 15%,True,68.89,20.41,29.6,False,Bullish (Uptrend),55.24,65.22,61.92,4.0,120,,not announced,,2025-11-13,False,Screener: Iron & Steel Products,,7653.6,True,16.21,True,13.73,True,514.91,True,0.3,True,20.05,False,OK,2026-09-26,Screener 2026-09-26,959.6,35.02,14.39,737.45,1005.0,248,51.46,19.37,112.57,33.98,122.41,61.43,41.91,37.46,21.21,LEADING,LEADING,20.63,False,False,False,,False,False,,,2026-11-12,estimate,44.0,2026-08-11
Capital Goods,SETL,Standard Engineering Technology,5,6,False,Pledged percentage < 15%,True,56.24,-1.88,-3.3,False,Bullish (Uptrend),38.75,63.76,49.28,5.0,120,,not announced,,2025-11-05,False,Screener: Industrial Products,,8030.54,True,14.68,True,15.2,True,45.33,True,0.1,True,21.38,False,OK,2026-09-26,Screener 2026-09-26,428.95,33.48,14.89,369.05,445.9,173,169.59,-95.33,204.83,24.29,26.26,26.75,43.12,93.89,-93.48,WEAKENING,WEAKENING,18.59,False,False,False,,False,False,,,2026-11-04,estimate,36.0,2026-08-06
Capital Goods,AZAD,Azad Engineering,5,6,False,Cash from operations last year > 0 (Rs Cr),True,46.63,9.41,20.2,False,Bullish (Uptrend),18.32,61.2,39.66,8.0,120,,not announced,,2025-11-01,False,Screener: Heavy Electrical Equipment,,17617.9,True,11.92,True,37.66,True,-118.97,False,0.31,True,0.0,True,OK,2026-09-26,Screener 2026-09-26,2914.2,28.65,15.05,2677.8,2942.2,248,29.42,9.12,83.94,114.23,20.29,35.16,25.9,126.76,10.96,LEADING,LEADING,13.6,False,False,True,Cash from operations last year > 0 (Rs Cr),True,False,,,2026-10-31,estimate,32.0,2026-08-07
Capital Goods,JYOTICNC,Jyoti CNC Auto.,5,6,False,Pledged percentage < 15%,True,40.27,11.85,29.4,False,Bullish (Uptrend),31.16,58.28,33.3,11.0,120,,not announced,,2025-11-09,False,Screener: Industrial Products,,24222.83,True,21.32,True,24.43,True,54.39,True,0.43,True,20.92,False,OK,2026-09-26,Screener 2026-09-26,1059.3,26.01,17.52,928.6,1065.0,248,48.4,-8.1,24.29,77.94,-19.99,57.14,23.97,75.29,-6.25,WEAKENING,WEAKENING,8.49,False,False,False,,False,False,,,2026-11-08,estimate,40.0,2026-08-07
Capital Goods,TEGA,Tega Inds.,5,6,False,OPM > 8%,True,28.48,24.98,87.7,True,Bullish (Uptrend),33.4,66.99,21.51,18.0,120,,not announced,,2025-11-13,False,Screener: Industrial Products,,15713.71,True,8.14,True,7.55,False,350.34,True,0.12,True,0.0,True,OK,2026-09-26,Screener 2026-09-26,2060.6,30.54,13.43,1868.4,2149.0,248,-5.46,28.81,-10.0,16.49,-406.31,-108.25,383.99,,30.65,LEADING,LEADING,17.11,False,False,True,OPM > 8%,False,False,,,2026-11-12,estimate,44.0,2026-08-13
Capital Goods,APLAPOLLO,APL Apollo Tubes,5,6,False,OPM > 8%,True,26.98,4.94,18.3,False,Bullish (Uptrend),26.56,53.77,20.01,19.0,120,,not announced,,2025-10-29,False,Screener: Iron & Steel Products,,61493.01,True,31.75,True,7.98,False,2103.19,True,0.09,True,0.0,True,OK,2026-09-26,Screener 2026-09-26,2188.6,22.25,16.45,2107.6,2191.7,248,18.64,6.17,3.81,102.59,10.94,263.11,8.45,50.03,8.01,LEADING,LEADING,5.8,False,True,True,OPM > 8%,True,False,,,2026-10-28,estimate,29.0,2026-08-01
Capital Goods,UTLSOLAR,Fujiyama Power,5,6,False,Cash from operations last year > 0 (Rs Cr),False,24.55,-1.69,-6.9,False,Bearish (Downtrend),17.24,43.37,17.59,26.0,120,,not announced,,2025-12-03,False,Screener: Other Electrical Equipment,"KEPT: solar power equipment (panels, inverters, batteries), part of the power build-out.",12954.32,True,35.14,True,18.78,True,-2.89,False,0.41,True,0.0,True,OK,2026-09-26,Screener 2026-09-26,407.7,19.64,23.3,400.5,412.6,213,39.73,-3.39,116.51,12.95,168.56,57.8,125.28,30.99,-1.54,WEAKENING,WEAKENING,-3.66,False,False,True,Cash from operations last year > 0 (Rs Cr),False,False,,,2026-12-02,estimate,64.0,2026-08-13
Capital Goods,KRN,KRN Heat Exchan,5,6,False,Cash from operations last year > 0 (Rs Cr),True,21.26,-3.01,-14.2,False,Bullish (Uptrend),24.55,48.91,14.3,28.0,120,,not announced,,2025-11-04,False,Screener: Other Industrial Products,,9045.05,True,16.06,True,19.53,True,-113.8,False,0.33,True,0.0,True,OK,2026-09-26,Screener 2026-09-26,1443.1,18.42,17.68,1438.3,1468.3,248,27.01,-9.31,66.18,15.21,164.9,32.9,118.88,93.31,-7.46,WEAKENING,WEAKENING,0.74,True,False,True,Cash from operations last year > 0 (Rs Cr),False,False,,,2026-11-03,estimate,35.0,2026-08-12
Capital Goods,GREAVESCOT,Greaves Cotton,5,6,False,OPM > 8%,True,10.7,27.25,254.7,True,Bullish (Uptrend),25.11,73.77,3.74,42.0,120,,not announced,,2025-11-04,False,"Screener: Compressors, Pumps & Diesel Engines","KEPT (borderline): engines, gensets and farm equipment are most of revenue; it also owns an electric two-wheeler business (Greaves Electric Mobility). Verify the segment split.",5469.23,True,10.11,True,6.51,False,32.58,True,0.28,True,0.0,True,OK,2026-09-26,Screener 2026-09-26,234.99,36.54,10.9,216.8,235.64,248,2.46,4.67,34.17,25.49,-22.68,6.16,30.68,54.9,6.52,LEADING,LEADING,25.64,False,False,True,OPM > 8%,False,False,,,2026-11-03,estimate,35.0,2026-08-04
Cement,NUVOCO,Nuvoco Vistas,5,6,False,ROCE > 8%,False,10.44,6.92,66.3,True,Bearish (Downtrend),13.12,49.18,16.02,1.0,15,,not announced,,2025-10-15,False,Screener: Cement & Cement Products,"FIT: Nuvoco Vistas (Nirma group), cement and ready-mix concrete; the only Cement stock in the 15.",11980.8,True,6.99,False,16.44,True,1485.17,True,0.53,True,0.0,True,OK,2026-09-26,Screener 2026-09-26,330.2,22.47,23.33,330.1,331.45,248,5.38,5.76,-2.42,9.96,19.98,159.63,8.91,28.87,5.07,LEADING,LEADING,-0.86,True,False,True,ROCE > 8%,False,False,,,2026-10-14,estimate,15.0,2026-07-13
Capital Goods,SIEMENS,Siemens,5,6,False,Cash from operations last year > 0 (Rs Cr),False,8.57,0.08,0.9,False,Bearish (Downtrend),16.22,36.89,1.6,44.0,120,,not announced,,2025-11-14,False,Screener: Heavy Electrical Equipment,,138067.92,True,21.44,True,10.55,True,-535.4,False,0.02,True,0.0,True,OK,2026-09-26,Screener 2026-09-26,3710.0,15.49,24.64,3694.2,3718.9,248,7.96,1.15,22.3,103.21,-18.59,2143.1,14.75,91.84,3.0,LEADING,LEADING,-9.15,False,False,True,Cash from operations last year > 0 (Rs Cr),False,False,,,2026-11-13,estimate,45.0,2026-08-11
Capital Goods,RHIM,RHI Magnesita,5,6,False,ROCE > 8%,True,5.79,10.41,179.8,True,Bullish (Uptrend),18.66,62.14,-1.17,47.0,120,,not announced,,2025-11-10,False,Screener: Electrodes & Refractories,,7980.25,True,6.46,False,11.72,True,409.1,True,0.13,True,0.0,True,OK,2026-09-26,Screener 2026-09-26,393.2,28.49,13.04,390.2,394.55,248,-0.48,5.93,-4.66,15.66,83.19,64.61,5.59,42.62,7.78,LEADING,IMPROVING,15.45,False,False,True,ROCE > 8%,True,False,,,2026-11-09,estimate,41.0,2026-08-11
Capital Goods,KPIL,Kalpataru Proj.,5,6,False,Pledged percentage < 15%,False,5.07,0.58,11.4,False,Bearish (Downtrend),27.82,43.4,-1.9,50.0,120,,not announced,,2025-10-31,False,Screener: Civil Construction,,23757.88,True,18.28,True,8.32,True,1534.38,True,0.46,True,24.55,False,OK,2026-09-26,Screener 2026-09-26,1365.1,16.47,21.11,1350.1,1368.9,248,7.29,-3.45,15.35,18.15,45.15,311.53,3.84,21.38,-1.61,WEAKENING,LAGGING,-4.64,False,False,False,,False,False,,,2026-10-30,estimate,31.0,2026-08-11
Capital Goods,OMNI,Omnitech Engg.,5,6,False,Cash from operations last year > 0 (Rs Cr),True,2.75,5.39,196.0,True,Bullish (Uptrend),23.28,52.26,-4.21,52.0,120,,not announced,,,False,Screener: Industrial Products,,6603.15,True,17.55,True,33.96,True,-1.98,False,0.64,True,0.0,True,OK,2026-09-26,Screener 2026-09-26,560.4,24.76,15.92,531.35,588.0,141,12.18,-4.01,132.57,25.13,470.63,29.73,61.48,63.52,-2.16,WEAKENING,LAGGING,8.84,False,False,True,Cash from operations last year > 0 (Rs Cr),False,False,,,,unknown,,2026-08-05
Capital Goods,CEIGALL,Ceigall India,5,6,False,Cash from operations last year > 0 (Rs Cr),False,0.66,0.45,68.2,True,Bullish (Uptrend),41.14,57.99,-6.3,60.0,120,,not announced,,2025-11-11,False,Screener: Civil Construction,,6691.21,True,17.26,True,14.92,True,-91.28,False,0.61,True,0.0,True,OK,2026-09-26,Screener 2026-09-26,377.55,22.67,11.6,354.1,379.95,248,0.77,0.22,14.27,11.67,18.23,63.75,15.68,20.81,2.07,LEADING,IMPROVING,11.07,False,False,True,Cash from operations last year > 0 (Rs Cr),True,False,,,2026-11-10,estimate,42.0,2026-08-08
Cement,DALBHARAT,Dalmia BharatLtd,5,6,False,ROCE > 8%,False,0.19,-1.29,-678.9,False,Bearish (Downtrend),20.95,31.95,5.77,3.0,15,,not announced,,2025-10-17,False,Screener: Cement & Cement Products,,31889.96,True,7.59,False,19.96,True,2278.0,True,0.41,True,0.0,True,OK,2026-09-26,Screener 2026-09-26,1637.4,15.37,29.22,1630.1,1765.3,248,2.01,-0.75,-11.6,25.81,-15.27,192.0,6.99,29.03,-1.45,WEAKENING,WEAKENING,-13.85,False,False,True,ROCE > 8%,False,False,,,2026-10-16,estimate,17.0,2026-07-24
Power,TATAPOWER,Tata Power Co.,5,5,True,,False,-0.01,0.57,,False,Bearish (Downtrend),20.79,42.01,5.95,4.0,22,,not announced,,2025-11-11,False,Screener: Integrated Power Utilities,,117428.73,True,10.53,True,,,5993.33,True,,,0.0,True,OK,2026-09-26,Screener 2026-09-26,359.0,19.9,21.07,356.0,372.35,248,-9.16,6.07,-19.49,129.69,10.95,1400.86,5.63,29.99,3.45,IMPROVING,LEADING,-1.17,True,,True,,False,False,2.29,True,2026-11-10,estimate,42.0,2026-07-27
Capital Goods,GENUSPOWER,Genus Power,5,6,False,Cash from operations last year > 0 (Rs Cr),False,-0.26,-2.52,,False,Bearish (Downtrend),19.03,32.68,-7.22,63.0,120,,not announced,,2025-11-06,False,Screener: Other Electrical Equipment,,9300.7,True,25.27,True,18.81,True,-218.55,False,1.04,True,4.52,True,OK,2026-09-26,Screener 2026-09-26,293.65,18.15,26.79,292.68,294.54,248,0.75,-4.27,39.52,51.35,43.2,196.64,44.83,14.27,-2.42,LAGGING,LAGGING,-8.64,False,False,True,Cash from operations last year > 0 (Rs Cr),False,False,,,2026-11-05,estimate,37.0,2026-08-13
Capital Goods,TECHNOE,Techno Elec.Engg,5,6,False,Cash from operations last year > 0 (Rs Cr),False,-2.29,7.94,,False,Bullish (Uptrend),16.45,53.54,-9.26,65.0,120,,not announced,,2025-11-12,False,Screener: Civil Construction,,11702.06,True,15.16,True,13.54,True,-574.91,False,0.01,True,0.0,True,OK,2026-09-26,Screener 2026-09-26,1010.15,22.96,14.49,1009.5,1041.5,248,-8.18,3.61,-14.71,14.0,-2.03,96.16,24.9,22.73,5.46,IMPROVING,IMPROVING,8.47,False,False,True,Cash from operations last year > 0 (Rs Cr),False,False,,,2026-11-11,estimate,43.0,2026-08-11
Capital Goods,BANSALWIRE,Bansal Wire Inds,5,6,False,OPM > 8%,False,-3.07,9.56,,False,Bearish (Downtrend),14.82,59.6,-10.03,69.0,120,,not announced,,2025-11-04,False,Screener: Iron & Steel Products,,5031.71,True,13.79,True,6.71,False,333.08,True,0.39,True,0.0,True,OK,2026-09-26,Screener 2026-09-26,327.65,13.84,16.52,323.3,327.75,248,1.3,-1.74,20.38,2.77,-47.89,20.46,24.37,34.83,0.11,LAGGING,IMPROVING,-2.68,False,False,True,OPM > 8%,False,False,,,2026-11-03,estimate,35.0,2026-07-22
Capital Goods,SAATVIKGL,Saatvik Green,5,6,False,Cash from operations last year > 0 (Rs Cr),False,-3.56,8.08,,False,Bearish (Downtrend),15.73,46.25,-10.52,70.0,120,,not announced,,2025-10-08,False,Screener: Other Electrical Equipment,,5433.1,True,32.92,True,9.68,True,-26.72,False,0.69,True,0.0,True,OK,2026-09-26,Screener 2026-09-26,414.5,26.65,27.66,413.25,417.3,248,-15.55,9.94,1.82,3.68,-95.36,5.36,-44.2,21.86,11.79,IMPROVING,IMPROVING,-1.01,True,False,True,Cash from operations last year > 0 (Rs Cr),False,False,,,2026-10-07,estimate,8.0,2026-08-14
Power,POWERGRID,Power Grid Corpn,5,5,True,,False,-4.69,1.18,,False,Bearish (Downtrend),12.71,41.97,1.27,8.0,22,,not announced,,,False,Screener: Power - Transmission,,250651.27,True,9.1,True,,,40935.36,True,,,0.0,True,OK,2026-09-26,Screener 2026-09-26,261.5,16.75,20.32,260.5,271.5,248,-7.98,3.16,-19.36,215.8,-0.89,3598.42,2.68,15.77,0.55,IMPROVING,LEADING,-3.57,False,,True,,False,False,2.7,True,,unknown,,2026-08-05
Cement,RAMCOCEM,The Ramco Cement,5,6,False,ROCE > 8%,False,-5.02,-0.11,,False,Bearish (Downtrend),15.51,35.3,0.56,6.0,15,,not announced,,2025-11-05,False,Screener: Cement & Cement Products,,20499.55,True,6.13,False,14.57,True,1611.06,True,0.48,True,3.43,True,OK,2026-09-26,Screener 2026-09-26,844.25,12.78,28.01,841.0,898.0,248,-2.28,-1.8,-13.06,15.36,-74.66,31.24,9.6,107.57,-2.5,LAGGING,WEAKENING,-15.23,False,False,True,ROCE > 8%,False,False,,,2026-11-04,estimate,36.0,2026-08-07
Power,NTPC,NTPC,5,5,True,,False,-5.24,-0.15,,False,Bearish (Downtrend),31.05,38.63,0.72,9.0,22,,not announced,,2025-10-30,False,Screener: Power Generation,,316693.12,True,8.92,True,,,50901.81,True,,,0.0,True,OK,2026-09-26,Screener 2026-09-26,323.5,8.01,26.04,323.35,329.95,248,-6.94,0.71,-22.32,264.52,11.82,6896.44,7.81,11.41,-1.91,IMPROVING,WEAKENING,-18.03,False,,True,,False,False,2.9,True,2026-10-29,estimate,30.0,2026-07-24
Cement,ACC,ACC,5,6,False,Cash from operations last year > 0 (Rs Cr),False,-5.36,-0.17,,False,Bearish (Downtrend),16.81,31.01,0.22,7.0,15,,not announced,,2025-10-31,False,Screener: Cement & Cement Products,,23218.02,True,11.25,True,10.33,True,-1364.01,False,0.02,True,0.0,True,OK,2026-09-26,Screener 2026-09-26,1202.6,17.97,31.55,1188.1,1289.3,248,-7.59,2.07,-14.04,16.73,-56.33,147.0,-4.59,12.22,1.37,IMPROVING,LEADING,-13.58,False,False,True,Cash from operations last year > 0 (Rs Cr),False,False,,,2026-10-30,estimate,31.0,2026-07-24
Capital Goods,GRINFRA,G R Infraproject,5,6,False,Cash from operations last year > 0 (Rs Cr),False,-6.25,-0.94,,False,Bearish (Downtrend),16.68,40.02,-13.21,78.0,120,,not announced,,2025-11-10,False,Screener: Civil Construction,,7860.83,True,11.92,True,18.39,True,-2811.48,False,0.52,True,0.0,True,OK,2026-09-26,Screener 2026-09-26,816.25,15.34,23.08,815.6,892.95,248,-2.7,-7.75,-1.35,1.42,27.71,357.79,40.06,8.37,-5.91,LAGGING,LAGGING,-7.74,False,False,True,Cash from operations last year > 0 (Rs Cr),False,False,,,2026-11-09,estimate,41.0,2026-08-06
Power,NAVA,Nava,5,5,True,,False,-6.54,3.35,,False,Bullish (Uptrend),15.73,42.94,-0.59,10.0,22,,not announced,,2025-11-07,False,Screener: Power Generation,CONGLOMERATE CONCERN: power generation plus ferro alloys and mining (Zambia).,15623.27,True,12.8,True,,,2312.33,True,,,0.0,True,OK,2026-09-26,Screener 2026-09-26,545.95,19.38,16.05,545.15,565.0,248,-7.25,0.55,-10.83,12.63,-9.95,332.82,1.56,20.64,-2.07,IMPROVING,LAGGING,3.33,False,,True,,False,False,111.19,True,2026-11-06,estimate,38.0,2026-08-14
Cement,AMBUJACEM,Ambuja Cements,5,6,False,ROCE > 8%,False,-8.3,-2.52,,False,Bearish (Downtrend),29.58,26.4,-2.73,9.0,15,,not announced,,2025-11-03,False,Screener: Cement & Cement Products,,95367.28,True,5.61,False,15.47,True,5361.53,True,0.01,True,0.0,True,OK,2026-09-26,Screener 2026-09-26,365.75,11.5,37.37,347.46,408.2,248,-7.5,-0.13,-11.86,66.23,-29.75,660.0,-7.67,20.26,-0.83,LAGGING,LAGGING,-25.87,False,False,True,ROCE > 8%,False,False,,,2026-11-02,estimate,34.0,2026-07-28
Power,TORNTPOWER,Torrent Power,5,5,True,,False,-8.75,-4.53,,False,Bearish (Downtrend),18.97,35.78,-2.79,12.0,22,,not announced,,2025-11-11,False,Screener: Integrated Power Utilities,,63219.74,True,13.66,True,,,5464.17,True,,,0.0,True,OK,2026-09-26,Screener 2026-09-26,1220.2,17.89,26.67,1212.6,1244.9,248,-8.48,-1.38,-22.06,42.11,-12.66,661.85,2.75,27.2,-4.0,LAGGING,LAGGING,-8.78,False,,True,,False,False,4.21,True,2026-11-10,estimate,42.0,2026-08-03
Power,ADANIPOWER,Adani Power,5,5,True,,False,-9.1,-1.15,,False,Bearish (Downtrend),15.93,38.48,-3.14,13.0,22,2026-10-23,announced,True,2025-10-30,False,Screener: Integrated Power Utilities,,390997.19,True,17.22,True,,,20513.65,True,,,1.81,True,OK,2026-09-26,Screener 2026-09-26,196.3,13.61,28.45,196.1,200.0,248,-6.21,-3.33,28.84,368.51,41.98,4866.6,33.97,27.43,-5.95,LAGGING,LAGGING,-14.84,False,,True,,False,False,6.19,True,2026-10-23,announced,24.0,2026-07-22
Power,ADANIENSOL,Adani Energy Sol,5,5,True,,False,-9.8,-1.42,,False,Bearish (Downtrend),29.97,33.9,-3.84,14.0,22,,not announced,,2025-10-27,False,Screener: Power Distribution,,163692.46,True,9.65,True,,,10996.68,True,,,0.0,True,OK,2026-09-26,Screener 2026-09-26,1305.8,12.8,32.74,1283.0,1383.4,248,-8.48,-0.31,50.13,305.11,124.22,1236.56,42.41,56.08,-2.93,LAGGING,LAGGING,-19.94,False,,True,,False,False,2.0,True,2026-10-26,estimate,27.0,2026-07-21
Capital Goods,NCC,NCC,5,6,False,Cash from operations last year > 0 (Rs Cr),False,-9.89,-4.92,,False,Bearish (Downtrend),19.21,29.67,-16.85,89.0,120,,not announced,,2025-11-06,False,Screener: Civil Construction,,8339.06,True,16.8,True,8.97,True,-458.51,False,0.44,True,3.8,True,OK,2026-09-26,Screener 2026-09-26,128.27,17.6,21.86,126.65,147.48,248,-5.5,-4.87,-3.69,22.61,12.63,228.9,12.22,11.55,-3.03,LAGGING,LAGGING,-4.26,False,False,True,Cash from operations last year > 0 (Rs Cr),False,False,,,2026-11-05,estimate,37.0,2026-08-06
Power,NLCINDIA,NLC India,5,5,True,,False,-14.97,-0.36,,False,Bearish (Downtrend),23.34,34.0,-9.02,18.0,22,,not announced,,2025-10-29,False,Screener: Power Generation,,36406.14,True,8.42,True,,,5166.07,True,,,0.0,True,OK,2026-09-26,Screener 2026-09-26,255.75,13.73,29.05,254.3,256.0,248,-15.91,-0.58,-8.37,46.61,-39.28,436.33,23.29,11.35,-3.21,LAGGING,LAGGING,-15.32,False,,True,,False,False,4.01,True,2026-10-28,estimate,29.0,2026-08-07
Capital Goods,HCC,Hind.Construct.,5,6,False,Pledged percentage < 15%,False,-15.04,-1.19,,False,Bearish (Downtrend),16.22,39.15,-22.01,103.0,120,,not announced,,2025-11-06,False,Screener: Civil Construction,,5568.99,True,24.85,True,12.61,True,892.0,True,0.48,True,82.43,False,OK,2026-09-26,Screener 2026-09-26,20.71,17.12,27.92,20.64,20.75,248,-3.13,-13.29,53.63,46.84,0.69,51.08,-8.97,41.14,-11.45,LAGGING,LAGGING,-10.8,False,False,False,,False,False,,,2026-11-05,estimate,37.0,2026-08-06
Capital Goods,IRB,IRB Infra.Devl.,5,6,False,ROCE > 8%,False,-15.91,-9.8,,False,Bearish (Downtrend),23.14,23.48,-22.87,106.0,120,,not announced,,2025-11-12,False,Screener: Civil Construction,,21353.9,True,7.47,False,54.41,True,2098.03,True,0.96,True,0.03,True,OK,2026-09-26,Screener 2026-09-26,16.98,14.37,35.91,16.75,20.04,248,-8.01,-7.37,-16.82,14.32,51.26,306.27,1.82,21.71,-5.52,LAGGING,LAGGING,-21.54,False,False,True,ROCE > 8%,False,False,,,2026-11-11,estimate,43.0,2026-07-30
Capital Goods,INOXWIND,Inox Wind,5,6,False,Cash from operations last year > 0 (Rs Cr),False,-16.05,-2.16,,False,Bearish (Downtrend),14.73,40.63,-23.01,107.0,120,,not announced,,2025-11-14,False,Screener: Heavy Electrical Equipment,,12918.58,True,10.62,True,19.64,True,-598.12,False,0.25,True,8.08,True,OK,2026-09-26,Screener 2026-09-26,71.5,19.08,28.64,71.41,77.85,248,-13.32,-2.35,-21.91,74.93,-58.44,64.09,-1.47,37.51,-0.5,LAGGING,LAGGING,-9.56,False,False,True,Cash from operations last year > 0 (Rs Cr),False,False,,,2026-11-13,estimate,45.0,2026-08-07
Power,CESC,CESC,5,5,True,,False,-16.75,-3.85,,False,Bearish (Downtrend),21.9,22.44,-10.8,19.0,22,,not announced,,2025-10-17,False,Screener: Integrated Power Utilities,,18539.43,True,10.88,True,,,4057.49,True,,,0.0,True,OK,2026-09-26,Screener 2026-09-26,133.87,14.11,36.5,132.5,153.42,248,-14.99,-0.08,-12.27,19.78,3.88,419.0,5.44,11.93,-2.69,LAGGING,LAGGING,-22.39,False,,True,,False,False,2.64,True,2026-10-16,estimate,17.0,2026-08-13
Capital Goods,IRCON,Ircon Intl.,5,6,False,Cash from operations last year > 0 (Rs Cr),False,-20.08,-4.68,,False,Bearish (Downtrend),38.54,19.9,-27.04,112.0,120,,not announced,,2025-11-12,False,Screener: Civil Construction,,9964.76,True,9.27,True,8.2,True,-617.58,False,0.86,True,0.0,True,OK,2026-09-26,Screener 2026-09-26,102.47,8.96,34.57,101.6,121.55,248,-16.92,-1.41,-10.69,15.4,-43.64,92.03,9.49,19.03,0.44,LAGGING,IMPROVING,-25.61,False,False,True,Cash from operations last year > 0 (Rs Cr),False,False,,,2026-11-11,estimate,43.0,2026-08-12
Capital Goods,NBCC,NBCC,5,6,False,OPM > 8%,False,-20.93,-1.65,,False,Bearish (Downtrend),35.49,29.2,-27.9,113.0,120,,not announced,,2025-11-13,False,Screener: Civil Construction,,22372.2,True,29.32,True,5.18,False,439.46,True,0.0,True,0.0,True,OK,2026-09-26,Screener 2026-09-26,78.01,12.75,35.64,77.18,87.35,248,-21.86,1.3,-6.02,49.28,17.18,158.01,-5.51,32.69,3.14,IMPROVING,IMPROVING,-22.89,False,True,True,OPM > 8%,False,False,,,2026-11-12,estimate,44.0,2026-08-11
Capital Goods,DIACABS,Diamond Power,4,6,False,Cash from operations last year > 0 (Rs Cr); Debt to equity < 1.5 (missing),False,73.04,-7.47,-10.2,False,Bearish (Downtrend),25.58,49.79,66.07,3.0,120,,not announced,,2025-11-10,False,Screener: Other Electrical Equipment,,21201.62,True,24.2,True,9.96,True,-12.15,False,,False,0.0,True,OK,2026-09-26,Screener 2026-09-26,352.05,18.26,19.42,325.8,366.2,248,73.92,0.67,163.34,51.15,197.81,57.09,132.98,114.3,2.52,LEADING,LEADING,-1.16,True,False,False,Cash from operations last year > 0 (Rs Cr),False,False,,,2026-11-09,estimate,41.0,2026-08-13
Capital Goods,GRAPHITE,Graphite India,4,6,False,ROCE > 8%; OPM > 8%,True,35.43,4.24,12.0,False,Bullish (Uptrend),37.7,56.13,28.47,14.0,120,,not announced,,2025-11-10,False,Screener: Electrodes & Refractories,"KEPT (borderline): graphite electrodes for electric-arc steel furnaces (~40% exported), plus carbon products and impervious graphite equipment. Like RPEL, a steel-making consumable that NSE classes as Capital Goods > Electrodes & Refractories.",16034.48,True,4.58,False,2.97,False,82.54,True,0.06,True,0.0,True,OK,2026-09-26,Screener 2026-09-26,801.55,25.47,17.39,706.8,802.4,248,23.19,11.58,7.28,64.64,28.36,171.0,26.62,73.18,13.43,LEADING,LEADING,8.08,False,False,True,ROCE > 8%; OPM > 8%,True,False,,,2026-11-09,estimate,41.0,2026-08-04
Capital Goods,LLOYDSENGG,Lloyds Engineeri,4,6,False,Cash from operations last year > 0 (Rs Cr); Pledged percentage < 15%,True,25.74,29.88,116.1,True,Bullish (Uptrend),30.48,71.29,18.78,22.0,120,,not announced,,2025-11-07,False,Screener: Industrial Products,,15287.04,True,16.1,True,14.2,True,-252.9,False,0.06,True,20.31,False,OK,2026-09-26,Screener 2026-09-26,102.19,33.51,10.95,86.25,103.45,248,12.45,1.94,97.57,66.51,111.96,68.23,142.92,68.35,3.79,LEADING,LEADING,22.56,False,False,False,Cash from operations last year > 0 (Rs Cr),False,False,,,2026-11-06,estimate,38.0,2026-08-06
Capital Goods,KSHINTL,KSH Internationa,4,6,False,OPM > 8%; Cash from operations last year > 0 (Rs Cr),False,24.65,-1.2,-4.9,False,Bearish (Downtrend),20.88,49.92,17.69,25.0,120,,not announced,,,False,Screener: Cables - Electricals,,7016.1,True,21.46,True,6.09,False,-64.97,False,0.4,True,0.0,True,OK,2026-09-26,Screener 2026-09-26,1028.4,18.47,23.67,931.25,1045.5,190,35.63,-12.45,100.74,22.5,86.16,42.22,108.38,53.6,-10.6,WEAKENING,WEAKENING,-5.2,False,False,True,OPM > 8%; Cash from operations last year > 0 (Rs Cr),False,False,,,,unknown,,2026-08-10
Capital Goods,BEML,BEML Ltd,4,6,False,ROCE > 8%; OPM > 8%,False,12.09,3.08,25.5,False,Bearish (Downtrend),23.37,45.64,5.13,35.0,120,,not announced,,2025-11-05,False,Screener: Construction Vehicles,"KEPT: mining and construction equipment ~50% of revenue, rail and metro coaches ~20%, defence vehicles ~30% (a minority; the defence exclusion applies where defence is the main business). Nifty Capital Goods member.",16961.8,True,7.66,False,7.72,False,118.23,True,0.11,True,0.0,True,OK,2026-09-26,Screener 2026-09-26,1966.6,21.56,27.1,1942.0,1975.0,248,14.06,3.81,23.13,46.35,57.87,-27.01,29.28,95.05,5.66,LEADING,LEADING,-5.54,False,False,True,ROCE > 8%; OPM > 8%,False,False,,,2026-11-04,estimate,36.0,2026-08-07
Capital Goods,LMW,LMW,4,6,False,ROCE > 8%; OPM > 8%,False,11.06,0.82,7.4,False,Bearish (Downtrend),24.85,37.87,4.1,41.0,120,,not announced,,2025-11-05,False,Screener: Industrial Products,,18303.18,True,5.58,False,6.49,False,177.41,True,0.0,True,0.0,True,OK,2026-09-26,Screener 2026-09-26,16957.0,15.42,23.69,16800.0,17699.0,248,12.08,-2.54,34.06,6.1,369.17,55.52,24.0,100.19,-0.69,WEAKENING,WEAKENING,-8.27,False,False,True,ROCE > 8%; OPM > 8%,False,False,,,2026-11-04,estimate,36.0,2026-07-24
Cement,GRASIM,Grasim Inds,4,6,False,Cash from operations last year > 0 (Rs Cr); Debt to equity < 1.5,False,3.09,-0.56,-18.1,False,Bearish (Downtrend),22.0,37.37,8.66,2.0,15,,not announced,,2025-11-05,False,Screener: Cement & Cement Products,"CONGLOMERATE CONCERN. Consolidated results include UltraTech (cement) but also VSF and chemicals, paints, B2B e-commerce and financial services (Aditya Birla Capital).",217158.97,True,8.01,True,20.96,True,-17809.61,False,2.2,False,0.0,True,OK,2026-09-26,Screener 2026-09-26,3100.0,12.44,26.1,3092.6,3180.0,248,3.82,0.14,14.71,234.93,49.95,3846.28,21.43,37.85,-0.56,LEADING,WEAKENING,-13.66,False,False,False,Cash from operations last year > 0 (Rs Cr),False,False,,,2026-11-04,estimate,36.0,2026-08-12
Power,NTPCGREEN,NTPC Green Ene.,4,5,False,ROCE > 6%,False,-0.98,6.48,,False,Bullish (Uptrend),21.79,47.02,4.98,5.0,22,,not announced,,2025-10-29,False,Screener: Power Generation,,78760.9,True,3.56,False,,,2386.2,True,,,0.0,True,OK,2026-09-26,Screener 2026-09-26,89.99,24.05,23.16,89.5,91.1,248,-12.31,12.97,-15.61,21.53,38.26,304.84,62.72,129.76,10.35,IMPROVING,LEADING,0.89,True,,True,ROCE > 6%,False,False,1.76,True,2026-10-28,estimate,29.0,2026-07-22
Cement,PRSMJOHNSN,Prism Johnson,4,6,False,ROCE > 8%; OPM > 10%,False,-1.76,-0.88,,False,Bullish (Uptrend),39.63,40.42,3.82,5.0,15,,not announced,,2025-10-31,False,Screener: Cement & Cement Products,,5854.58,True,5.92,False,9.79,False,502.89,True,1.1,True,0.0,True,OK,2026-09-26,Screener 2026-09-26,109.27,24.55,22.68,108.5,115.0,248,-6.15,5.76,-20.63,2.85,515.75,112.7,2.57,49.89,5.06,IMPROVING,LEADING,1.87,True,False,True,ROCE > 8%; OPM > 10%,False,False,,,2026-10-30,estimate,31.0,2026-08-07
Power,KPIGREEN,KPI Green Energy,4,5,False,Pledged percentage < 15%,False,-2.07,35.63,,False,Bullish (Uptrend),49.11,69.23,3.89,6.0,22,,not announced,,2025-11-07,False,Screener: Power Generation,,6715.91,True,13.85,True,,,424.07,True,,,44.74,False,OK,2026-09-26,Screener 2026-09-26,371.25,36.9,14.19,366.85,373.5,248,-29.26,19.74,-27.7,23.91,-17.64,94.63,15.08,14.73,17.12,IMPROVING,LEADING,22.71,False,,False,,False,False,3.99,True,2026-11-06,estimate,38.0,2026-08-11
Power,NHPC,NHPC Ltd,4,5,False,ROCE > 6%,False,-3.48,-1.9,,False,Bearish (Downtrend),12.48,34.51,2.48,7.0,22,,not announced,,2025-11-06,False,Screener: Power Generation,,76342.26,True,5.75,False,,,3293.62,True,,,0.0,True,OK,2026-09-26,Screener 2026-09-26,73.32,14.95,23.6,73.3,77.31,248,2.26,-5.78,-12.63,68.87,2.9,1178.09,18.5,20.11,-8.4,LAGGING,WEAKENING,-8.65,False,,True,ROCE > 6%,False,False,3.22,True,2026-11-05,estimate,37.0,2026-08-04
Power,JSWENERGY,JSW Energy,4,5,False,Interest coverage > 1.5,False,-7.62,0.91,,False,Bearish (Downtrend),16.45,37.46,-1.66,11.0,22,,not announced,,2025-10-17,False,Screener: Power Generation,,92875.07,True,8.16,True,,,9898.31,True,,,13.28,True,OK,2026-09-26,Screener 2026-09-26,501.15,16.57,32.05,493.05,503.05,248,-7.71,-1.97,-1.25,97.2,-36.62,532.7,1.24,46.3,-4.59,LAGGING,LAGGING,-15.48,False,,False,,False,False,1.29,False,2026-10-16,estimate,17.0,2026-07-22
Capital Goods,PRAJIND,Praj Industries,4,6,False,ROCE > 8%; OPM > 8%,False,-10.59,-1.55,,False,Bearish (Downtrend),23.19,34.75,-17.55,93.0,120,,not announced,,2025-11-05,False,Screener: Industrial Products,,5806.66,True,6.12,False,4.64,False,200.09,True,0.13,True,0.0,True,OK,2026-09-26,Screener 2026-09-26,307.75,13.35,24.97,306.8,315.4,248,-4.35,-3.56,-2.75,16.06,117.42,11.61,11.81,114.94,-1.72,LAGGING,LAGGING,-11.62,False,False,True,ROCE > 8%; OPM > 8%,False,False,,,2026-11-04,estimate,36.0,2026-08-13
Power,JPPOWER,JP Power Ven.,4,5,False,Pledged percentage < 15%,False,-10.61,-0.75,,False,Bearish (Downtrend),15.99,35.06,-4.66,15.0,22,,not announced,,2025-10-18,False,Screener: Power Generation,,10876.44,True,6.97,True,,,1300.99,True,,,72.99,False,OK,2026-09-26,Screener 2026-09-26,15.26,24.96,26.07,15.21,15.83,248,-12.17,2.6,0.6,58.27,138.18,468.84,12.16,13.03,-0.02,IMPROVING,LAGGING,-1.11,True,,False,,False,False,3.32,True,2026-10-17,estimate,18.0,2026-07-20
Capital Goods,RVNL,Rail Vikas,4,6,False,OPM > 8%; Cash from operations last year > 0 (Rs Cr),False,-12.34,1.12,,False,Bearish (Downtrend),19.39,35.84,-19.3,98.0,120,,not announced,,2025-11-11,False,Screener: Civil Construction,,43159.92,True,10.8,True,4.28,False,-1889.37,False,0.49,True,0.0,True,OK,2026-09-26,Screener 2026-09-26,197.9,18.68,34.63,195.15,216.45,248,-13.34,1.91,-29.87,82.68,18.46,159.52,10.55,47.98,3.76,IMPROVING,IMPROVING,-15.95,False,False,True,OPM > 8%; Cash from operations last year > 0 (Rs Cr),False,False,,,2026-11-10,estimate,42.0,2026-08-11
Power,SJVN,SJVN,4,5,False,ROCE > 6%,False,-13.25,-5.68,,False,Bearish (Downtrend),28.43,22.04,-7.29,16.0,22,,not announced,,2025-11-10,False,Screener: Power Generation,,24270.42,True,5.73,False,,,1859.66,True,,,0.0,True,OK,2026-09-26,Screener 2026-09-26,59.83,11.15,34.22,59.42,67.51,248,-9.88,-2.59,-13.97,10.9,-1.25,224.74,51.98,37.97,-5.21,LAGGING,LAGGING,-23.07,False,,True,ROCE > 6%,False,False,1.76,True,2026-11-09,estimate,41.0,2026-07-31
Power,ADANIGREEN,Adani Green,4,5,False,Interest coverage > 1.5,False,-13.54,2.07,,False,Bearish (Downtrend),15.6,43.68,-7.59,17.0,22,,not announced,,2025-10-28,False,Screener: Power Generation,,213572.86,True,7.39,True,,,10135.0,True,,,0.0,True,OK,2026-09-26,Screener 2026-09-26,1260.0,14.97,25.14,1228.3,1271.95,248,-14.18,0.77,44.0,233.62,16.89,983.0,16.61,110.15,-1.85,IMPROVING,LAGGING,-10.17,False,,False,,False,False,1.29,False,2026-10-27,estimate,28.0,2026-07-22
Cement,INDIACEM,India Cements,4,6,False,ROCE > 8%; Cash from operations last year > 0 (Rs Cr),False,-14.58,-7.94,,False,Bearish (Downtrend),31.08,20.11,-9.0,15.0,15,2026-10-17,announced,True,2025-10-17,False,Screener: Cement & Cement Products,,10012.78,True,1.24,False,10.47,True,-26.73,False,0.13,True,0.0,True,OK,2026-09-26,Screener 2026-09-26,303.7,12.36,38.66,302.05,369.65,248,-11.91,-0.66,-6.81,4.63,526.14,26.85,-0.52,74.17,-1.35,LAGGING,LAGGING,-26.3,False,False,True,ROCE > 8%; Cash from operations last year > 0 (Rs Cr),False,False,,,2026-10-17,announced,18.0,2026-07-18
Capital Goods,AFCONS,Afcons Infrastr.,4,6,False,Cash from operations last year > 0 (Rs Cr); Pledged percentage < 15%,False,-16.31,-4.86,,False,Bearish (Downtrend),15.86,31.4,-23.27,108.0,120,,not announced,,2025-11-12,False,Screener: Civil Construction,,9286.56,True,13.91,True,9.19,True,-127.49,False,0.67,True,100.0,False,OK,2026-09-26,Screener 2026-09-26,245.1,21.23,29.71,225.35,288.6,248,-19.45,2.33,-8.13,15.35,-77.73,30.3,-20.75,45.32,4.18,IMPROVING,IMPROVING,-8.48,False,False,False,Cash from operations last year > 0 (Rs Cr),False,False,,,2026-11-11,estimate,43.0,2026-08-07
Capital Goods,TARIL,T R I L,4,6,False,Cash from operations last year > 0 (Rs Cr); Pledged percentage < 15%,False,-19.61,-0.16,,False,Bearish (Downtrend),16.32,36.23,-26.58,111.0,120,,not announced,,2025-11-08,False,Screener: Heavy Electrical Equipment,,8334.1,True,23.31,True,15.22,True,-105.38,False,0.3,True,21.84,False,OK,2026-09-26,Screener 2026-09-26,272.85,16.37,27.91,272.0,292.3,248,-8.64,-7.8,-2.28,32.9,-8.66,64.29,8.13,32.23,-5.96,LAGGING,LAGGING,-11.54,False,False,False,Cash from operations last year > 0 (Rs Cr),False,False,,,2026-11-07,estimate,39.0,2026-07-20
Power,RPOWER,Reliance Power,4,5,False,Interest coverage > 1.5,False,-22.86,-4.32,,False,Bearish (Downtrend),15.55,24.07,-16.91,20.0,22,,not announced,,2025-11-10,False,Screener: Power Generation,,8507.28,True,6.11,True,,,2824.36,True,,,0.0,True,OK,2026-09-26,Screener 2026-09-26,19.77,15.06,31.72,19.45,22.9,248,-19.8,3.31,-10.52,39.1,44.83,64.71,3.75,2369.72,0.69,IMPROVING,IMPROVING,-16.66,False,,False,,False,False,1.17,False,2026-11-09,estimate,41.0,2026-08-06
Capital Goods,KEC,KEC International,4,6,False,OPM > 8%; Cash from operations last year > 0 (Rs Cr),False,-23.07,-5.34,,False,Bearish (Downtrend),45.55,32.07,-30.03,114.0,120,,not announced,,2025-11-10,False,Screener: Civil Construction,,10566.81,True,16.53,True,6.8,False,-414.12,False,0.87,True,0.0,True,OK,2026-09-26,Screener 2026-09-26,378.35,8.64,31.58,375.1,429.6,248,-21.21,-1.23,-32.11,33.36,-41.72,72.62,0.01,17.6,0.62,LAGGING,IMPROVING,-22.94,False,False,True,OPM > 8%; Cash from operations last year > 0 (Rs Cr),False,False,,,2026-11-09,estimate,41.0,2026-08-10
Power,JNPR,Juniper Green,3,5,False,ROCE > 6%; Interest coverage > 1.5,True,11.71,4.62,39.5,False,Bullish (Uptrend),15.59,56.3,,,22,,not announced,,,False,Screener: Power Generation,,15138.2,True,3.3,False,,,469.99,True,,,0.0,True,OK,2026-09-26,Screener 2026-09-26,272.3,19.23,13.5,251.7,275.52,38,,,,26.39,54.22,33.45,81.24,573.85,,,,5.73,False,,False,ROCE > 6%,False,False,1.09,False,,unknown,,2026-08-26
Power,CLEANMAX,Clean Max Enviro,3,5,False,Interest coverage > 1.5; Pledged percentage < 15%,True,9.94,6.28,63.2,True,Bullish (Uptrend),18.02,54.92,15.9,2.0,22,,not announced,,,False,Screener: Power Generation,,16379.72,True,6.16,True,,,1731.24,True,,,20.02,False,OK,2026-09-26,Screener 2026-09-26,1382.4,21.64,17.64,1240.0,1398.6,143,6.48,0.21,40.19,21.42,441.69,55.18,106.83,104.43,-2.41,LEADING,WEAKENING,4.0,False,,False,,False,False,1.31,False,,unknown,,2026-07-31
Power,GMRP&UI,GMR Urban,3,5,False,Interest coverage > 1.5; Pledged percentage < 15%,True,4.83,13.15,272.3,True,Bullish (Uptrend),15.44,60.22,10.79,3.0,22,,not announced,,2025-11-11,False,Screener: Power Generation,,8019.49,True,11.96,True,,,1259.98,True,,,59.96,False,OK,2026-09-26,Screener 2026-09-26,100.72,21.03,14.56,100.59,101.47,248,-11.42,15.53,-17.95,7.92,48.83,-35.38,3.44,,12.91,LEADING,LEADING,6.47,False,,False,,False,False,0.94,False,2026-11-10,estimate,42.0,2026-08-14
Power,VEDPOWER,Vedanta Power,2,5,False,ROCE > 6% (missing); Interest coverage > 1.5; Cash from operations last year > 0 (Rs Cr) (missing),False,-18.16,9.79,,False,Bullish (Uptrend),23.92,53.42,,,22,,not announced,,,False,Screener: Power Generation,,12884.73,True,,False,,,,False,,,0.0,True,OK,2026-09-26,Screener 2026-09-26,34.25,23.84,19.62,34.22,35.48,75,,,,61.28,-27.27,-423.0,31.27,20.98,,,,4.22,False,,False,ROCE > 6%; Cash from operations last year > 0 (Rs Cr),False,False,1.08,False,,unknown,,2026-07-29
