metric,value
snapshot_date,2026-09-28
as_of,2026-09-29
calendar_days,1
principal_inr,10000000
value_inr,10259437.28
pnl_inr,259437.28
pnl_pct,2.594
benchmark_provisional,False
nifty500_value_inr,9941016.71
liquid_fund_value_inr,10001380.93
vs_nifty500_inr,318420.57
vs_liquid_fund_inr,258056.35
xirr_pct,
stocks_inr,9953977.8
options_inr,102102.0
cash_inr,203357.48
at_risk_to_stops_inr,2401177.29
stops_breached,
near_stop,
evaluation_end,2026-12-28
ledger_sha1,1b715895490aac16df5b10a4b264dc958dfdc604
