date,stocks_inr,options_inr,cash_inr,total_inr,pnl_inr,pnl_pct,nifty500_inr,liquid_fund_inr,benchmark_provisional
2026-09-28,9688406.6,108264.0,203329.4,10000000.0,0.0,0.0,10000000.0,10000000.0,False
2026-09-29,9953977.8,102102.0,203357.48,10259437.28,259437.28,2.594,9941016.71,10001380.93,False
2026-09-30,9886676.5,116272.0,203385.56,10206334.06,206334.06,2.063,9928190.48,10002761.87,False
2026-10-01,9896238.55,150514.0,203414.42,10250166.97,250166.97,2.502,9831813.45,10004181.16,False
2026-10-05,9991056.05,137670.0,203528.29,10332254.34,332254.34,3.323,9883213.42,10009781.62,False
2026-10-06,10213287.25,108056.0,203556.37,10524899.62,524899.62,5.249,9987229.7,10011162.56,False
2026-10-07,10198551.95,128700.0,203586.01,10530837.96,530837.96,5.308,9922930.81,10012620.21,False
2026-10-08,9809040.0,190372.0,203615.64,10203027.64,203027.64,2.03,9723326.03,10014077.86,False
2026-10-09,9728074.1,137644.0,203645.28,10069363.38,69363.38,0.694,9835996.59,10015535.51,False
